series_id,surface
0,hard_tiles_large_space
1,concrete
2,tiled
3,soft_tiles
4,soft_tiles
5,concrete
6,concrete
7,concrete
8,wood
9,carpet
10,soft_pvc
11,concrete
12,wood
13,concrete
14,carpet
15,wood
16,carpet
17,concrete
18,wood
19,fine_concrete
20,soft_pvc
21,carpet
22,concrete
23,hard_tiles_large_space
24,concrete
25,wood
26,concrete
27,tiled
28,carpet
29,concrete
30,fine_concrete
31,carpet
32,concrete
33,soft_pvc
34,soft_pvc
35,wood
36,fine_concrete
37,soft_tiles
38,fine_concrete
39,soft_pvc
40,carpet
41,soft_pvc
42,soft_pvc
43,wood
44,soft_pvc
45,wood
46,wood
47,carpet
48,wood
49,wood
50,wood
51,concrete
52,concrete
53,wood
54,fine_concrete
55,carpet
56,tiled
57,wood
58,concrete
59,concrete
60,concrete
61,concrete
62,wood
63,concrete
64,concrete
65,soft_pvc
66,tiled
67,soft_tiles
68,soft_pvc
69,hard_tiles_large_space
70,carpet
71,soft_pvc
72,concrete
73,wood
74,hard_tiles_large_space
75,wood
76,tiled
77,soft_pvc
78,concrete
79,soft_pvc
80,soft_tiles
81,tiled
82,wood
83,tiled
84,concrete
85,soft_tiles
86,fine_concrete
87,concrete
88,concrete
89,concrete
90,wood
91,concrete
92,soft_tiles
93,concrete
94,tiled
95,carpet
96,soft_pvc
97,concrete
98,soft_tiles
99,wood
100,hard_tiles_large_space
101,soft_tiles
102,wood
103,wood
104,fine_concrete
105,concrete
106,concrete
107,soft_tiles
108,wood
109,tiled
110,soft_pvc
111,hard_tiles_large_space
112,soft_pvc
113,fine_concrete
114,concrete
115,soft_tiles
116,soft_pvc
117,soft_tiles
118,hard_tiles_large_space
119,soft_pvc
120,carpet
121,wood
122,concrete
123,concrete
124,wood
125,tiled
126,tiled
127,wood
128,soft_pvc
129,concrete
130,hard_tiles
131,wood
132,soft_pvc
133,wood
134,soft_pvc
135,carpet
136,concrete
137,hard_tiles_large_space
138,concrete
139,concrete
140,soft_tiles
141,carpet
142,soft_pvc
143,fine_concrete
144,concrete
145,carpet
146,concrete
147,concrete
148,hard_tiles_large_space
149,concrete
150,concrete
151,concrete
152,carpet
153,soft_tiles
154,concrete
155,fine_concrete
156,tiled
157,carpet
158,tiled
159,wood
160,wood
161,hard_tiles_large_space
162,soft_pvc
163,wood
164,fine_concrete
165,wood
166,fine_concrete
167,hard_tiles_large_space
168,wood
169,hard_tiles_large_space
170,wood
171,soft_pvc
172,wood
173,concrete
174,fine_concrete
175,concrete
176,concrete
177,hard_tiles_large_space
178,concrete
179,hard_tiles_large_space
180,carpet
181,fine_concrete
182,soft_pvc
183,soft_pvc
184,concrete
185,soft_pvc
186,tiled
187,wood
188,wood
189,concrete
190,fine_concrete
191,wood
192,soft_pvc
193,concrete
194,soft_pvc
195,concrete
196,wood
197,soft_tiles
198,concrete
199,soft_pvc
200,hard_tiles_large_space
201,soft_pvc
202,fine_concrete
203,hard_tiles_large_space
204,soft_tiles
205,soft_tiles
206,soft_pvc
207,carpet
208,fine_concrete
209,carpet
210,soft_pvc
211,wood
212,soft_pvc
213,carpet
214,wood
215,soft_tiles
216,soft_tiles
217,fine_concrete
218,soft_pvc
219,concrete
220,soft_pvc
221,wood
222,concrete
223,soft_pvc
224,carpet
225,soft_pvc
226,wood
227,soft_pvc
228,fine_concrete
229,tiled
230,wood
231,fine_concrete
232,concrete
233,soft_pvc
234,concrete
235,fine_concrete
236,soft_pvc
237,concrete
238,concrete
239,fine_concrete
240,carpet
241,tiled
242,tiled
243,soft_pvc
244,wood
245,tiled
246,wood
247,tiled
248,carpet
249,concrete
250,tiled
251,carpet
252,wood
253,concrete
254,concrete
255,soft_tiles
256,fine_concrete
257,fine_concrete
258,fine_concrete
259,soft_tiles
260,concrete
261,soft_pvc
262,wood
263,concrete
264,concrete
265,soft_tiles
266,hard_tiles_large_space
267,tiled
268,tiled
269,carpet
270,fine_concrete
271,concrete
272,concrete
273,hard_tiles_large_space
274,soft_pvc
275,concrete
276,tiled
277,wood
278,soft_pvc
279,soft_pvc
280,concrete
281,wood
282,concrete
283,wood
284,wood
285,wood
286,fine_concrete
287,concrete
288,tiled
289,tiled
290,hard_tiles_large_space
291,hard_tiles_large_space
292,soft_tiles
293,concrete
294,concrete
295,soft_pvc
296,soft_pvc
297,wood
298,soft_pvc
299,concrete
300,tiled
301,concrete
302,wood
303,concrete
304,hard_tiles_large_space
305,soft_pvc
306,tiled
307,concrete
308,concrete
309,concrete
310,hard_tiles_large_space
311,carpet
312,soft_tiles
313,wood
314,fine_concrete
315,wood
316,soft_pvc
317,wood
318,fine_concrete
319,wood
320,hard_tiles_large_space
321,soft_pvc
322,soft_pvc
323,soft_tiles
324,tiled
325,wood
326,hard_tiles_large_space
327,carpet
328,concrete
329,concrete
330,hard_tiles_large_space
331,soft_pvc
332,tiled
333,fine_concrete
334,concrete
335,concrete
336,concrete
337,wood
338,soft_pvc
339,wood
340,wood
341,hard_tiles_large_space
342,carpet
343,fine_concrete
344,wood
345,carpet
346,fine_concrete
347,wood
348,concrete
349,wood
350,hard_tiles_large_space
351,soft_tiles
352,tiled
353,wood
354,wood
355,tiled
356,soft_pvc
357,soft_tiles
358,wood
359,concrete
360,tiled
361,concrete
362,concrete
363,soft_pvc
364,tiled
365,fine_concrete
366,fine_concrete
367,wood
368,wood
369,concrete
370,hard_tiles_large_space
371,wood
372,soft_pvc
373,concrete
374,wood
375,wood
376,soft_tiles
377,tiled
378,hard_tiles_large_space
379,soft_pvc
380,soft_tiles
381,soft_tiles
382,wood
383,hard_tiles_large_space
384,fine_concrete
385,concrete
386,carpet
387,fine_concrete
388,tiled
389,tiled
390,carpet
391,wood
392,concrete
393,fine_concrete
394,concrete
395,soft_tiles
396,soft_pvc
397,soft_pvc
398,concrete
399,concrete
400,tiled
401,concrete
402,wood
403,wood
404,concrete
405,soft_tiles
406,carpet
407,tiled
408,fine_concrete
409,soft_pvc
410,concrete
411,wood
412,concrete
413,wood
414,wood
415,hard_tiles_large_space
416,fine_concrete
417,soft_pvc
418,soft_tiles
419,tiled
420,soft_tiles
421,fine_concrete
422,hard_tiles_large_space
423,soft_pvc
424,wood
425,soft_pvc
426,wood
427,soft_tiles
428,hard_tiles_large_space
429,concrete
430,concrete
431,tiled
432,soft_pvc
433,concrete
434,fine_concrete
435,wood
436,concrete
437,soft_tiles
438,carpet
439,soft_pvc
440,carpet
441,soft_tiles
442,soft_pvc
443,soft_pvc
444,wood
445,soft_pvc
446,hard_tiles_large_space
447,hard_tiles_large_space
448,wood
449,carpet
450,concrete
451,concrete
452,wood
453,wood
454,soft_tiles
455,concrete
456,concrete
457,soft_pvc
458,fine_concrete
459,concrete
460,soft_tiles
461,concrete
462,tiled
463,concrete
464,fine_concrete
465,concrete
466,concrete
467,soft_tiles
468,soft_tiles
469,soft_tiles
470,soft_pvc
471,soft_pvc
472,hard_tiles_large_space
473,tiled
474,soft_tiles
475,soft_pvc
476,wood
477,concrete
478,wood
479,wood
480,carpet
481,concrete
482,concrete
483,concrete
484,wood
485,carpet
486,concrete
487,concrete
488,soft_pvc
489,concrete
490,carpet
491,soft_pvc
492,concrete
493,carpet
494,soft_pvc
495,carpet
496,wood
497,concrete
498,concrete
499,fine_concrete
500,concrete
501,wood
502,tiled
503,tiled
504,wood
505,fine_concrete
506,concrete
507,concrete
508,wood
509,carpet
510,soft_pvc
511,wood
512,soft_tiles
513,soft_tiles
514,soft_pvc
515,tiled
516,soft_pvc
517,wood
518,carpet
519,wood
520,concrete
521,soft_tiles
522,fine_concrete
523,wood
524,concrete
525,hard_tiles_large_space
526,wood
527,soft_tiles
528,wood
529,concrete
530,fine_concrete
531,carpet
532,soft_pvc
533,soft_tiles
534,concrete
535,concrete
536,concrete
537,soft_pvc
538,fine_concrete
539,wood
540,hard_tiles_large_space
541,carpet
542,soft_pvc
543,concrete
544,fine_concrete
545,wood
546,wood
547,soft_pvc
548,concrete
549,concrete
550,soft_tiles
551,hard_tiles_large_space
552,fine_concrete
553,concrete
554,carpet
555,concrete
556,carpet
557,wood
558,concrete
559,soft_pvc
560,fine_concrete
561,fine_concrete
562,soft_pvc
563,concrete
564,concrete
565,hard_tiles_large_space
566,tiled
567,wood
568,wood
569,soft_pvc
570,tiled
571,soft_pvc
572,carpet
573,soft_pvc
574,wood
575,wood
576,concrete
577,concrete
578,tiled
579,carpet
580,soft_tiles
581,concrete
582,carpet
583,soft_tiles
584,concrete
585,fine_concrete
586,fine_concrete
587,soft_pvc
588,carpet
589,concrete
590,tiled
591,concrete
592,soft_pvc
593,concrete
594,wood
595,soft_pvc
596,concrete
597,wood
598,tiled
599,concrete
600,concrete
601,carpet
602,tiled
603,carpet
604,wood
605,soft_pvc
606,concrete
607,hard_tiles_large_space
608,concrete
609,soft_pvc
610,hard_tiles_large_space
611,concrete
612,soft_pvc
613,wood
614,soft_pvc
615,fine_concrete
616,hard_tiles_large_space
617,concrete
618,fine_concrete
619,soft_tiles
620,concrete
621,concrete
622,concrete
623,wood
624,concrete
625,hard_tiles_large_space
626,soft_pvc
627,concrete
628,concrete
629,fine_concrete
630,concrete
631,wood
632,wood
633,wood
634,carpet
635,concrete
636,wood
637,concrete
638,soft_pvc
639,concrete
640,soft_pvc
641,soft_tiles
642,concrete
643,tiled
644,concrete
645,wood
646,hard_tiles_large_space
647,concrete
648,concrete
649,hard_tiles_large_space
650,wood
651,soft_tiles
652,concrete
653,wood
654,soft_pvc
655,wood
656,tiled
657,carpet
658,soft_tiles
659,concrete
660,fine_concrete
661,concrete
662,soft_pvc
663,concrete
664,concrete
665,tiled
666,soft_pvc
667,tiled
668,concrete
669,concrete
670,soft_pvc
671,fine_concrete
672,tiled
673,wood
674,wood
675,soft_pvc
676,wood
677,concrete
678,fine_concrete
679,fine_concrete
680,concrete
681,carpet
682,fine_concrete
683,concrete
684,concrete
685,wood
686,wood
687,tiled
688,fine_concrete
689,wood
690,tiled
691,soft_pvc
692,wood
693,concrete
694,wood
695,fine_concrete
696,soft_pvc
697,wood
698,soft_tiles
699,fine_concrete
700,wood
701,concrete
702,soft_pvc
703,tiled
704,soft_tiles
705,soft_tiles
706,hard_tiles_large_space
707,soft_pvc
708,concrete
709,carpet
710,soft_pvc
711,tiled
712,hard_tiles_large_space
713,wood
714,carpet
715,hard_tiles_large_space
716,concrete
717,wood
718,tiled
719,soft_pvc
720,soft_tiles
721,wood
722,carpet
723,concrete
724,soft_tiles
725,concrete
726,concrete
727,wood
728,soft_pvc
729,concrete
730,tiled
731,hard_tiles_large_space
732,concrete
733,concrete
734,concrete
735,concrete
736,concrete
737,hard_tiles_large_space
738,wood
739,concrete
740,fine_concrete
741,fine_concrete
742,concrete
743,concrete
744,soft_pvc
745,soft_pvc
746,concrete
747,concrete
748,concrete
749,wood
750,soft_tiles
751,soft_tiles
752,concrete
753,concrete
754,concrete
755,hard_tiles_large_space
756,soft_pvc
757,soft_tiles
758,carpet
759,fine_concrete
760,fine_concrete
761,soft_tiles
762,concrete
763,concrete
764,soft_tiles
765,wood
766,carpet
767,concrete
768,soft_pvc
769,fine_concrete
770,wood
771,concrete
772,fine_concrete
773,wood
774,carpet
775,wood
776,concrete
777,wood
778,carpet
779,concrete
780,soft_pvc
781,concrete
782,wood
783,hard_tiles_large_space
784,soft_pvc
785,hard_tiles_large_space
786,fine_concrete
787,fine_concrete
788,concrete
789,wood
790,concrete
791,concrete
792,wood
793,concrete
794,wood
795,concrete
796,fine_concrete
797,carpet
798,wood
799,concrete
800,soft_pvc
801,concrete
802,hard_tiles_large_space
803,soft_pvc
804,concrete
805,fine_concrete
806,soft_pvc
807,soft_tiles
808,concrete
809,concrete
810,soft_pvc
811,carpet
812,soft_tiles
813,concrete
814,wood
815,soft_pvc
816,wood
817,soft_tiles
818,wood
819,fine_concrete
820,carpet
821,concrete
822,concrete
823,soft_pvc
824,concrete
825,carpet
826,concrete
827,concrete
828,hard_tiles_large_space
829,wood
830,concrete
831,concrete
832,hard_tiles_large_space
833,wood
834,wood
835,concrete
836,soft_pvc
837,fine_concrete
838,wood
839,concrete
840,concrete
841,wood
842,tiled
843,fine_concrete
844,soft_pvc
845,concrete
846,soft_pvc
847,concrete
848,tiled
849,wood
850,soft_pvc
851,soft_pvc
852,concrete
853,concrete
854,concrete
855,concrete
856,soft_tiles
857,carpet
858,soft_pvc
859,carpet
860,wood
861,soft_tiles
862,soft_pvc
863,hard_tiles_large_space
864,tiled
865,concrete
866,fine_concrete
867,soft_tiles
868,fine_concrete
869,hard_tiles_large_space
870,soft_tiles
871,soft_pvc
872,tiled
873,tiled
874,hard_tiles_large_space
875,carpet
876,tiled
877,carpet
878,tiled
879,wood
880,soft_tiles
881,concrete
882,soft_tiles
883,wood
884,soft_tiles
885,hard_tiles_large_space
886,concrete
887,tiled
888,fine_concrete
889,soft_pvc
890,tiled
891,soft_pvc
892,soft_pvc
893,concrete
894,concrete
895,soft_pvc
896,wood
897,concrete
898,tiled
899,soft_pvc
900,tiled
901,soft_pvc
902,soft_pvc
903,wood
904,tiled
905,fine_concrete
906,soft_pvc
907,wood
908,wood
909,fine_concrete
910,concrete
911,concrete
912,concrete
913,concrete
914,wood
915,concrete
916,concrete
917,tiled
918,concrete
919,soft_tiles
920,soft_pvc
921,carpet
922,hard_tiles_large_space
923,fine_concrete
924,fine_concrete
925,carpet
926,concrete
927,concrete
928,wood
929,tiled
930,concrete
931,tiled
932,wood
933,concrete
934,soft_tiles
935,concrete
936,soft_pvc
937,concrete
938,wood
939,wood
940,concrete
941,tiled
942,soft_pvc
943,wood
944,concrete
945,wood
946,soft_pvc
947,soft_pvc
948,concrete
949,concrete
950,concrete
951,soft_pvc
952,concrete
953,carpet
954,concrete
955,soft_pvc
956,wood
957,wood
958,soft_tiles
959,soft_pvc
960,hard_tiles
961,soft_pvc
962,tiled
963,soft_pvc
964,hard_tiles_large_space
965,carpet
966,concrete
967,soft_pvc
968,hard_tiles_large_space
969,carpet
970,soft_pvc
971,concrete
972,soft_tiles
973,concrete
974,wood
975,soft_pvc
976,concrete
977,fine_concrete
978,fine_concrete
979,concrete
980,soft_pvc
981,soft_pvc
982,wood
983,soft_tiles
984,concrete
985,concrete
986,concrete
987,wood
988,concrete
989,concrete
990,concrete
991,soft_pvc
992,concrete
993,tiled
994,concrete
995,wood
996,concrete
997,carpet
998,fine_concrete
999,concrete
1000,carpet
1001,concrete
1002,concrete
1003,concrete
1004,soft_pvc
1005,carpet
1006,fine_concrete
1007,wood
1008,concrete
1009,tiled
1010,carpet
1011,concrete
1012,carpet
1013,soft_pvc
1014,concrete
1015,tiled
1016,tiled
1017,concrete
1018,soft_tiles
1019,wood
1020,carpet
1021,hard_tiles_large_space
1022,fine_concrete
1023,concrete
1024,soft_tiles
1025,carpet
1026,soft_pvc
1027,soft_pvc
1028,concrete
1029,wood
1030,fine_concrete
1031,carpet
1032,concrete
1033,soft_pvc
1034,hard_tiles_large_space
1035,carpet
1036,fine_concrete
1037,carpet
1038,soft_pvc
1039,fine_concrete
1040,fine_concrete
1041,carpet
1042,concrete
1043,soft_pvc
1044,wood
1045,concrete
1046,concrete
1047,concrete
1048,concrete
1049,soft_pvc
1050,concrete
1051,soft_pvc
1052,wood
1053,concrete
1054,soft_pvc
1055,soft_tiles
1056,soft_pvc
1057,fine_concrete
1058,carpet
1059,soft_pvc
1060,fine_concrete
1061,soft_pvc
1062,hard_tiles_large_space
1063,carpet
1064,wood
1065,soft_tiles
1066,fine_concrete
1067,tiled
1068,concrete
1069,soft_tiles
1070,hard_tiles_large_space
1071,fine_concrete
1072,wood
1073,concrete
1074,wood
1075,concrete
1076,soft_pvc
1077,concrete
1078,soft_pvc
1079,carpet
1080,soft_tiles
1081,hard_tiles_large_space
1082,fine_concrete
1083,soft_pvc
1084,concrete
1085,tiled
1086,carpet
1087,fine_concrete
1088,wood
1089,soft_pvc
1090,wood
1091,concrete
1092,tiled
1093,tiled
1094,concrete
1095,tiled
1096,wood
1097,concrete
1098,wood
1099,concrete
1100,fine_concrete
1101,wood
1102,soft_tiles
1103,wood
1104,concrete
1105,fine_concrete
1106,concrete
1107,soft_pvc
1108,wood
1109,concrete
1110,fine_concrete
1111,soft_tiles
1112,wood
1113,fine_concrete
1114,soft_pvc
1115,soft_pvc
1116,carpet
1117,soft_pvc
1118,carpet
1119,concrete
1120,tiled
1121,fine_concrete
1122,fine_concrete
1123,soft_pvc
1124,tiled
1125,wood
1126,concrete
1127,hard_tiles_large_space
1128,soft_tiles
1129,concrete
1130,carpet
1131,carpet
1132,concrete
1133,concrete
1134,soft_pvc
1135,soft_pvc
1136,tiled
1137,wood
1138,carpet
1139,concrete
1140,soft_tiles
1141,concrete
1142,soft_pvc
1143,hard_tiles
1144,soft_pvc
1145,soft_pvc
1146,concrete
1147,soft_tiles
1148,concrete
1149,concrete
1150,carpet
1151,concrete
1152,soft_pvc
1153,soft_tiles
1154,soft_pvc
1155,concrete
1156,fine_concrete
1157,tiled
1158,concrete
1159,carpet
1160,concrete
1161,carpet
1162,carpet
1163,concrete
1164,soft_pvc
1165,wood
1166,soft_pvc
1167,wood
1168,wood
1169,wood
1170,hard_tiles_large_space
1171,wood
1172,hard_tiles_large_space
1173,wood
1174,soft_pvc
1175,concrete
1176,hard_tiles_large_space
1177,wood
1178,wood
1179,hard_tiles_large_space
1180,wood
1181,soft_pvc
1182,soft_pvc
1183,wood
1184,concrete
1185,hard_tiles_large_space
1186,tiled
1187,concrete
1188,tiled
1189,soft_tiles
1190,hard_tiles_large_space
1191,soft_tiles
1192,tiled
1193,carpet
1194,wood
1195,concrete
1196,fine_concrete
1197,concrete
1198,concrete
1199,concrete
1200,tiled
1201,concrete
1202,carpet
1203,concrete
1204,concrete
1205,wood
1206,soft_pvc
1207,soft_tiles
1208,concrete
1209,fine_concrete
1210,concrete
1211,tiled
1212,fine_concrete
1213,concrete
1214,wood
1215,concrete
1216,hard_tiles_large_space
1217,hard_tiles_large_space
1218,wood
1219,wood
1220,fine_concrete
1221,concrete
1222,wood
1223,wood
1224,soft_tiles
1225,concrete
1226,wood
1227,concrete
1228,wood
1229,soft_pvc
1230,concrete
1231,concrete
1232,fine_concrete
1233,wood
1234,hard_tiles_large_space
1235,wood
1236,fine_concrete
1237,hard_tiles_large_space
1238,concrete
1239,concrete
1240,concrete
1241,wood
1242,carpet
1243,carpet
1244,soft_pvc
1245,tiled
1246,wood
1247,tiled
1248,concrete
1249,concrete
1250,soft_pvc
1251,concrete
1252,concrete
1253,carpet
1254,soft_pvc
1255,concrete
1256,fine_concrete
1257,wood
1258,carpet
1259,concrete
1260,wood
1261,soft_pvc
1262,fine_concrete
1263,soft_pvc
1264,concrete
1265,soft_pvc
1266,hard_tiles_large_space
1267,soft_pvc
1268,soft_pvc
1269,concrete
1270,soft_pvc
1271,hard_tiles_large_space
1272,soft_pvc
1273,wood
1274,soft_tiles
1275,concrete
1276,wood
1277,concrete
1278,soft_tiles
1279,carpet
1280,concrete
1281,hard_tiles_large_space
1282,concrete
1283,fine_concrete
1284,soft_pvc
1285,soft_pvc
1286,tiled
1287,concrete
1288,wood
1289,soft_pvc
1290,concrete
1291,wood
1292,wood
1293,concrete
1294,fine_concrete
1295,tiled
1296,concrete
1297,concrete
1298,concrete
1299,concrete
1300,wood
1301,fine_concrete
1302,concrete
1303,concrete
1304,concrete
1305,tiled
1306,concrete
1307,concrete
1308,fine_concrete
1309,concrete
1310,concrete
1311,carpet
1312,concrete
1313,fine_concrete
1314,soft_pvc
1315,fine_concrete
1316,concrete
1317,soft_pvc
1318,hard_tiles_large_space
1319,tiled
1320,tiled
1321,carpet
1322,soft_tiles
1323,concrete
1324,soft_pvc
1325,concrete
1326,concrete
1327,soft_pvc
1328,soft_pvc
1329,concrete
1330,tiled
1331,soft_tiles
1332,carpet
1333,concrete
1334,concrete
1335,hard_tiles_large_space
1336,carpet
1337,carpet
1338,wood
1339,soft_pvc
1340,concrete
1341,carpet
1342,wood
1343,soft_tiles
1344,soft_pvc
1345,concrete
1346,fine_concrete
1347,soft_pvc
1348,tiled
1349,hard_tiles_large_space
1350,hard_tiles_large_space
1351,concrete
1352,concrete
1353,carpet
1354,soft_tiles
1355,concrete
1356,soft_tiles
1357,soft_pvc
1358,soft_tiles
1359,concrete
1360,carpet
1361,hard_tiles_large_space
1362,hard_tiles_large_space
1363,soft_pvc
1364,concrete
1365,tiled
1366,carpet
1367,soft_pvc
1368,tiled
1369,soft_pvc
1370,soft_pvc
1371,hard_tiles_large_space
1372,wood
1373,soft_tiles
1374,soft_tiles
1375,hard_tiles_large_space
1376,concrete
1377,hard_tiles_large_space
1378,wood
1379,concrete
1380,fine_concrete
1381,tiled
1382,fine_concrete
1383,hard_tiles_large_space
1384,concrete
1385,wood
1386,hard_tiles_large_space
1387,fine_concrete
1388,fine_concrete
1389,concrete
1390,tiled
1391,concrete
1392,fine_concrete
1393,fine_concrete
1394,concrete
1395,concrete
1396,carpet
1397,concrete
1398,wood
1399,wood
1400,concrete
1401,concrete
1402,soft_pvc
1403,fine_concrete
1404,wood
1405,hard_tiles_large_space
1406,soft_pvc
1407,soft_tiles
1408,tiled
1409,carpet
1410,concrete
1411,soft_pvc
1412,concrete
1413,concrete
1414,soft_pvc
1415,concrete
1416,soft_pvc
1417,soft_tiles
1418,carpet
1419,tiled
1420,soft_pvc
1421,wood
1422,carpet
1423,concrete
1424,concrete
1425,soft_pvc
1426,soft_tiles
1427,hard_tiles_large_space
1428,soft_tiles
1429,soft_tiles
1430,wood
1431,concrete
1432,concrete
1433,soft_pvc
1434,fine_concrete
1435,carpet
1436,tiled
1437,hard_tiles_large_space
1438,wood
1439,wood
1440,soft_pvc
1441,fine_concrete
1442,fine_concrete
1443,tiled
1444,soft_pvc
1445,wood
1446,soft_tiles
1447,hard_tiles_large_space
1448,hard_tiles_large_space
1449,concrete
1450,concrete
1451,hard_tiles
1452,fine_concrete
1453,concrete
1454,wood
1455,carpet
1456,soft_pvc
1457,fine_concrete
1458,concrete
1459,concrete
1460,soft_tiles
1461,soft_pvc
1462,concrete
1463,soft_tiles
1464,hard_tiles_large_space
1465,tiled
1466,tiled
1467,wood
1468,soft_pvc
1469,wood
1470,wood
1471,concrete
1472,soft_pvc
1473,concrete
1474,hard_tiles_large_space
1475,concrete
1476,fine_concrete
1477,fine_concrete
1478,soft_pvc
1479,concrete
1480,concrete
1481,fine_concrete
1482,concrete
1483,concrete
1484,soft_pvc
1485,concrete
1486,soft_pvc
1487,tiled
1488,tiled
1489,carpet
1490,wood
1491,concrete
1492,soft_pvc
1493,carpet
1494,concrete
1495,wood
1496,wood
1497,tiled
1498,fine_concrete
1499,concrete
1500,soft_pvc
1501,concrete
1502,soft_pvc
1503,concrete
1504,fine_concrete
1505,wood
1506,wood
1507,soft_pvc
1508,carpet
1509,wood
1510,concrete
1511,tiled
1512,soft_pvc
1513,wood
1514,wood
1515,concrete
1516,carpet
1517,soft_tiles
1518,soft_pvc
1519,carpet
1520,hard_tiles
1521,wood
1522,wood
1523,soft_pvc
1524,fine_concrete
1525,wood
1526,concrete
1527,hard_tiles_large_space
1528,wood
1529,concrete
1530,carpet
1531,soft_pvc
1532,concrete
1533,soft_tiles
1534,concrete
1535,wood
1536,hard_tiles_large_space
1537,soft_pvc
1538,carpet
1539,concrete
1540,tiled
1541,concrete
1542,concrete
1543,soft_pvc
1544,soft_tiles
1545,fine_concrete
1546,tiled
1547,wood
1548,soft_tiles
1549,tiled
1550,wood
1551,concrete
1552,soft_tiles
1553,fine_concrete
1554,tiled
1555,wood
1556,carpet
1557,fine_concrete
1558,carpet
1559,concrete
1560,wood
1561,soft_tiles
1562,tiled
1563,tiled
1564,concrete
1565,concrete
1566,wood
1567,concrete
1568,hard_tiles_large_space
1569,tiled
1570,concrete
1571,concrete
1572,soft_tiles
1573,concrete
1574,concrete
1575,soft_tiles
1576,soft_tiles
1577,hard_tiles_large_space
1578,tiled
1579,concrete
1580,fine_concrete
1581,fine_concrete
1582,carpet
1583,carpet
1584,concrete
1585,concrete
1586,concrete
1587,carpet
1588,hard_tiles_large_space
1589,concrete
1590,wood
1591,wood
1592,fine_concrete
1593,concrete
1594,soft_pvc
1595,concrete
1596,tiled
1597,soft_pvc
1598,carpet
1599,soft_tiles
1600,wood
1601,concrete
1602,soft_tiles
1603,soft_tiles
1604,hard_tiles
1605,soft_pvc
1606,tiled
1607,concrete
1608,fine_concrete
1609,wood
1610,concrete
1611,soft_pvc
1612,concrete
1613,soft_pvc
1614,fine_concrete
1615,soft_tiles
1616,soft_pvc
1617,fine_concrete
1618,concrete
1619,soft_pvc
1620,soft_pvc
1621,hard_tiles_large_space
1622,tiled
1623,soft_tiles
1624,concrete
1625,soft_pvc
1626,soft_tiles
1627,concrete
1628,hard_tiles_large_space
1629,soft_pvc
1630,hard_tiles
1631,soft_tiles
1632,fine_concrete
1633,soft_pvc
1634,hard_tiles_large_space
1635,carpet
1636,wood
1637,soft_pvc
1638,hard_tiles_large_space
1639,soft_pvc
1640,wood
1641,fine_concrete
1642,soft_pvc
1643,fine_concrete
1644,fine_concrete
1645,soft_pvc
1646,soft_tiles
1647,concrete
1648,concrete
1649,wood
1650,soft_pvc
1651,hard_tiles_large_space
1652,hard_tiles_large_space
1653,soft_pvc
1654,soft_pvc
1655,wood
1656,fine_concrete
1657,wood
1658,soft_pvc
1659,wood
1660,concrete
1661,soft_pvc
1662,concrete
1663,carpet
1664,fine_concrete
1665,soft_pvc
1666,soft_pvc
1667,concrete
1668,hard_tiles_large_space
1669,wood
1670,hard_tiles_large_space
1671,tiled
1672,hard_tiles_large_space
1673,soft_pvc
1674,wood
1675,soft_pvc
1676,concrete
1677,hard_tiles_large_space
1678,carpet
1679,concrete
1680,concrete
1681,hard_tiles_large_space
1682,tiled
1683,concrete
1684,wood
1685,tiled
1686,concrete
1687,concrete
1688,fine_concrete
1689,concrete
1690,hard_tiles_large_space
1691,soft_tiles
1692,soft_pvc
1693,tiled
1694,wood
1695,concrete
1696,wood
1697,soft_pvc
1698,hard_tiles_large_space
1699,concrete
1700,concrete
1701,carpet
1702,soft_pvc
1703,tiled
1704,soft_tiles
1705,concrete
1706,soft_pvc
1707,fine_concrete
1708,concrete
1709,hard_tiles_large_space
1710,concrete
1711,soft_pvc
1712,concrete
1713,hard_tiles_large_space
1714,soft_pvc
1715,carpet
1716,soft_pvc
1717,wood
1718,wood
1719,concrete
1720,concrete
1721,hard_tiles_large_space
1722,fine_concrete
1723,wood
1724,hard_tiles_large_space
1725,soft_tiles
1726,tiled
1727,tiled
1728,soft_pvc
1729,concrete
1730,tiled
1731,fine_concrete
1732,tiled
1733,tiled
1734,fine_concrete
1735,concrete
1736,carpet
1737,wood
1738,concrete
1739,concrete
1740,fine_concrete
1741,concrete
1742,concrete
1743,wood
1744,tiled
1745,concrete
1746,wood
1747,soft_tiles
1748,hard_tiles_large_space
1749,wood
1750,soft_pvc
1751,soft_pvc
1752,hard_tiles_large_space
1753,hard_tiles_large_space
1754,carpet
1755,concrete
1756,concrete
1757,soft_pvc
1758,tiled
1759,wood
1760,carpet
1761,soft_pvc
1762,concrete
1763,soft_pvc
1764,tiled
1765,concrete
1766,hard_tiles_large_space
1767,concrete
1768,soft_pvc
1769,concrete
1770,soft_pvc
1771,wood
1772,soft_pvc
1773,concrete
1774,soft_tiles
1775,soft_pvc
1776,fine_concrete
1777,concrete
1778,carpet
1779,soft_pvc
1780,carpet
1781,concrete
1782,wood
1783,soft_tiles
1784,concrete
1785,soft_pvc
1786,soft_tiles
1787,fine_concrete
1788,tiled
1789,soft_tiles
1790,concrete
1791,fine_concrete
1792,fine_concrete
1793,soft_pvc
1794,concrete
1795,hard_tiles_large_space
1796,concrete
1797,concrete
1798,concrete
1799,carpet
1800,concrete
1801,fine_concrete
1802,soft_pvc
1803,wood
1804,concrete
1805,soft_tiles
1806,concrete
1807,concrete
1808,soft_tiles
1809,concrete
1810,soft_pvc
1811,soft_tiles
1812,concrete
1813,concrete
1814,concrete
1815,wood
1816,concrete
1817,soft_pvc
1818,soft_pvc
1819,fine_concrete
1820,concrete
1821,soft_pvc
1822,soft_tiles
1823,soft_pvc
1824,wood
1825,soft_pvc
1826,wood
1827,concrete
1828,soft_pvc
1829,concrete
1830,tiled
1831,wood
1832,wood
1833,fine_concrete
1834,concrete
1835,tiled
1836,concrete
1837,soft_pvc
1838,soft_tiles
1839,concrete
1840,wood
1841,soft_pvc
1842,soft_pvc
1843,concrete
1844,concrete
1845,soft_tiles
1846,tiled
1847,wood
1848,fine_concrete
1849,soft_pvc
1850,tiled
1851,concrete
1852,soft_pvc
1853,concrete
1854,soft_tiles
1855,concrete
1856,soft_pvc
1857,soft_tiles
1858,concrete
1859,concrete
1860,concrete
1861,concrete
1862,tiled
1863,concrete
1864,fine_concrete
1865,concrete
1866,carpet
1867,soft_pvc
1868,fine_concrete
1869,tiled
1870,wood
1871,soft_pvc
1872,concrete
1873,tiled
1874,fine_concrete
1875,concrete
1876,concrete
1877,soft_pvc
1878,soft_tiles
1879,wood
1880,concrete
1881,tiled
1882,concrete
1883,soft_pvc
1884,fine_concrete
1885,tiled
1886,concrete
1887,hard_tiles_large_space
1888,soft_pvc
1889,concrete
1890,wood
1891,fine_concrete
1892,tiled
1893,soft_pvc
1894,fine_concrete
1895,concrete
1896,concrete
1897,wood
1898,concrete
1899,soft_tiles
1900,soft_pvc
1901,carpet
1902,carpet
1903,hard_tiles_large_space
1904,tiled
1905,fine_concrete
1906,fine_concrete
1907,concrete
1908,tiled
1909,soft_tiles
1910,wood
1911,hard_tiles_large_space
1912,hard_tiles_large_space
1913,soft_pvc
1914,concrete
1915,soft_pvc
1916,carpet
1917,wood
1918,concrete
1919,soft_pvc
1920,concrete
1921,concrete
1922,carpet
1923,concrete
1924,fine_concrete
1925,concrete
1926,fine_concrete
1927,tiled
1928,tiled
1929,soft_pvc
1930,concrete
1931,concrete
1932,carpet
1933,tiled
1934,wood
1935,carpet
1936,wood
1937,soft_pvc
1938,tiled
1939,soft_tiles
1940,concrete
1941,soft_tiles
1942,concrete
1943,wood
1944,hard_tiles_large_space
1945,carpet
1946,soft_tiles
1947,concrete
1948,concrete
1949,wood
1950,soft_pvc
1951,wood
1952,concrete
1953,fine_concrete
1954,soft_pvc
1955,soft_pvc
1956,concrete
1957,concrete
1958,hard_tiles_large_space
1959,hard_tiles_large_space
1960,concrete
1961,soft_pvc
1962,concrete
1963,wood
1964,concrete
1965,concrete
1966,hard_tiles_large_space
1967,fine_concrete
1968,wood
1969,wood
1970,hard_tiles_large_space
1971,soft_pvc
1972,concrete
1973,hard_tiles_large_space
1974,tiled
1975,soft_tiles
1976,soft_pvc
1977,hard_tiles_large_space
1978,tiled
1979,concrete
1980,fine_concrete
1981,concrete
1982,soft_pvc
1983,tiled
1984,concrete
1985,carpet
1986,soft_pvc
1987,wood
1988,soft_pvc
1989,tiled
1990,wood
1991,carpet
1992,fine_concrete
1993,concrete
1994,hard_tiles_large_space
1995,soft_pvc
1996,concrete
1997,concrete
1998,carpet
1999,concrete
2000,soft_pvc
2001,fine_concrete
2002,carpet
2003,soft_tiles
2004,carpet
2005,concrete
2006,soft_pvc
2007,concrete
2008,soft_pvc
2009,soft_pvc
2010,wood
2011,tiled
2012,soft_pvc
2013,carpet
2014,soft_pvc
2015,concrete
2016,wood
2017,soft_tiles
2018,soft_tiles
2019,concrete
2020,soft_pvc
2021,fine_concrete
2022,fine_concrete
2023,fine_concrete
2024,soft_tiles
2025,carpet
2026,tiled
2027,hard_tiles_large_space
2028,fine_concrete
2029,soft_pvc
2030,tiled
2031,soft_pvc
2032,wood
2033,concrete
2034,carpet
2035,wood
2036,concrete
2037,soft_pvc
2038,wood
2039,tiled
2040,concrete
2041,carpet
2042,carpet
2043,concrete
2044,concrete
2045,tiled
2046,soft_pvc
2047,tiled
2048,wood
2049,concrete
2050,tiled
2051,soft_pvc
2052,concrete
2053,soft_tiles
2054,hard_tiles_large_space
2055,wood
2056,soft_pvc
2057,carpet
2058,concrete
2059,concrete
2060,concrete
2061,wood
2062,concrete
2063,soft_pvc
2064,soft_tiles
2065,soft_pvc
2066,concrete
2067,soft_pvc
2068,carpet
2069,concrete
2070,concrete
2071,wood
2072,concrete
2073,fine_concrete
2074,carpet
2075,concrete
2076,concrete
2077,concrete
2078,carpet
2079,concrete
2080,tiled
2081,soft_tiles
2082,wood
2083,concrete
2084,concrete
2085,concrete
2086,soft_tiles
2087,wood
2088,fine_concrete
2089,wood
2090,concrete
2091,wood
2092,concrete
2093,soft_pvc
2094,wood
2095,soft_tiles
2096,soft_tiles
2097,soft_pvc
2098,wood
2099,hard_tiles_large_space
2100,concrete
2101,concrete
2102,concrete
2103,fine_concrete
2104,soft_pvc
2105,soft_pvc
2106,soft_pvc
2107,hard_tiles_large_space
2108,concrete
2109,concrete
2110,tiled
2111,soft_pvc
2112,concrete
2113,soft_tiles
2114,soft_tiles
2115,concrete
2116,tiled
2117,concrete
2118,concrete
2119,fine_concrete
2120,tiled
2121,wood
2122,soft_tiles
2123,soft_pvc
2124,soft_pvc
2125,soft_tiles
2126,concrete
2127,concrete
2128,concrete
2129,tiled
2130,wood
2131,carpet
2132,concrete
2133,hard_tiles_large_space
2134,fine_concrete
2135,soft_pvc
2136,hard_tiles_large_space
2137,soft_tiles
2138,concrete
2139,tiled
2140,concrete
2141,soft_pvc
2142,soft_pvc
2143,fine_concrete
2144,soft_tiles
2145,soft_pvc
2146,fine_concrete
2147,carpet
2148,concrete
2149,wood
2150,wood
2151,fine_concrete
2152,carpet
2153,wood
2154,wood
2155,soft_tiles
2156,wood
2157,wood
2158,soft_tiles
2159,concrete
2160,carpet
2161,concrete
2162,concrete
2163,hard_tiles_large_space
2164,soft_pvc
2165,tiled
2166,soft_pvc
2167,concrete
2168,soft_tiles
2169,tiled
2170,soft_tiles
2171,wood
2172,soft_pvc
2173,soft_tiles
2174,carpet
2175,carpet
2176,concrete
2177,hard_tiles_large_space
2178,fine_concrete
2179,tiled
2180,concrete
2181,tiled
2182,concrete
2183,wood
2184,concrete
2185,tiled
2186,wood
2187,wood
2188,soft_tiles
2189,soft_pvc
2190,tiled
2191,hard_tiles_large_space
2192,wood
2193,wood
2194,soft_tiles
2195,tiled
2196,soft_pvc
2197,soft_pvc
2198,soft_tiles
2199,hard_tiles_large_space
2200,soft_tiles
2201,hard_tiles
2202,concrete
2203,concrete
2204,carpet
2205,concrete
2206,wood
2207,wood
2208,wood
2209,fine_concrete
2210,concrete
2211,soft_pvc
2212,concrete
2213,carpet
2214,fine_concrete
2215,hard_tiles_large_space
2216,concrete
2217,soft_tiles
2218,wood
2219,hard_tiles_large_space
2220,carpet
2221,wood
2222,tiled
2223,wood
2224,carpet
2225,concrete
2226,soft_pvc
2227,wood
2228,hard_tiles_large_space
2229,soft_pvc
2230,concrete
2231,soft_pvc
2232,soft_pvc
2233,soft_pvc
2234,concrete
2235,concrete
2236,fine_concrete
2237,wood
2238,wood
2239,soft_pvc
2240,wood
2241,carpet
2242,concrete
2243,concrete
2244,soft_tiles
2245,soft_pvc
2246,fine_concrete
2247,fine_concrete
2248,tiled
2249,concrete
2250,soft_tiles
2251,wood
2252,soft_pvc
2253,concrete
2254,fine_concrete
2255,soft_pvc
2256,tiled
2257,tiled
2258,soft_tiles
2259,soft_pvc
2260,soft_pvc
2261,fine_concrete
2262,wood
2263,concrete
2264,wood
2265,hard_tiles_large_space
2266,soft_pvc
2267,concrete
2268,soft_tiles
2269,wood
2270,concrete
2271,fine_concrete
2272,carpet
2273,hard_tiles_large_space
2274,concrete
2275,wood
2276,tiled
2277,tiled
2278,concrete
2279,soft_pvc
2280,tiled
2281,soft_pvc
2282,fine_concrete
2283,tiled
2284,carpet
2285,concrete
2286,carpet
2287,hard_tiles_large_space
2288,concrete
2289,concrete
2290,concrete
2291,fine_concrete
2292,fine_concrete
2293,hard_tiles_large_space
2294,wood
2295,concrete
2296,wood
2297,soft_tiles
2298,concrete
2299,soft_pvc
2300,concrete
2301,fine_concrete
2302,fine_concrete
2303,soft_pvc
2304,soft_pvc
2305,concrete
2306,soft_pvc
2307,soft_pvc
2308,fine_concrete
2309,fine_concrete
2310,soft_pvc
2311,concrete
2312,soft_pvc
2313,wood
2314,fine_concrete
2315,wood
2316,wood
2317,carpet
2318,hard_tiles_large_space
2319,fine_concrete
2320,soft_pvc
2321,soft_tiles
2322,wood
2323,fine_concrete
2324,fine_concrete
2325,tiled
2326,hard_tiles_large_space
2327,soft_pvc
2328,soft_tiles
2329,wood
2330,fine_concrete
2331,soft_pvc
2332,soft_pvc
2333,soft_pvc
2334,concrete
2335,wood
2336,concrete
2337,fine_concrete
2338,soft_pvc
2339,soft_pvc
2340,concrete
2341,hard_tiles_large_space
2342,carpet
2343,soft_tiles
2344,fine_concrete
2345,concrete
2346,concrete
2347,fine_concrete
2348,concrete
2349,tiled
2350,soft_tiles
2351,concrete
2352,soft_tiles
2353,wood
2354,carpet
2355,soft_tiles
2356,soft_pvc
2357,soft_pvc
2358,fine_concrete
2359,wood
2360,concrete
2361,wood
2362,concrete
2363,concrete
2364,wood
2365,soft_pvc
2366,soft_pvc
2367,carpet
2368,wood
2369,wood
2370,soft_tiles
2371,soft_pvc
2372,wood
2373,concrete
2374,concrete
2375,soft_pvc
2376,fine_concrete
2377,concrete
2378,wood
2379,concrete
2380,tiled
2381,soft_tiles
2382,tiled
2383,soft_pvc
2384,carpet
2385,carpet
2386,tiled
2387,carpet
2388,concrete
2389,soft_pvc
2390,soft_pvc
2391,concrete
2392,soft_pvc
2393,carpet
2394,soft_pvc
2395,concrete
2396,carpet
2397,concrete
2398,fine_concrete
2399,soft_pvc
2400,carpet
2401,concrete
2402,tiled
2403,wood
2404,hard_tiles_large_space
2405,tiled
2406,fine_concrete
2407,concrete
2408,concrete
2409,carpet
2410,soft_pvc
2411,fine_concrete
2412,tiled
2413,concrete
2414,wood
2415,carpet
2416,wood
2417,tiled
2418,soft_pvc
2419,concrete
2420,carpet
2421,soft_pvc
2422,tiled
2423,carpet
2424,wood
2425,fine_concrete
2426,wood
2427,tiled
2428,concrete
2429,wood
2430,concrete
2431,hard_tiles_large_space
2432,hard_tiles_large_space
2433,soft_pvc
2434,fine_concrete
2435,concrete
2436,carpet
2437,soft_tiles
2438,wood
2439,soft_pvc
2440,carpet
2441,soft_pvc
2442,hard_tiles_large_space
2443,soft_pvc
2444,soft_tiles
2445,soft_pvc
2446,concrete
2447,soft_tiles
2448,hard_tiles_large_space
2449,wood
2450,concrete
2451,concrete
2452,soft_pvc
2453,fine_concrete
2454,concrete
2455,carpet
2456,carpet
2457,concrete
2458,soft_tiles
2459,concrete
2460,wood
2461,wood
2462,soft_tiles
2463,concrete
2464,wood
2465,carpet
2466,carpet
2467,soft_pvc
2468,concrete
2469,soft_pvc
2470,wood
2471,hard_tiles_large_space
2472,soft_pvc
2473,hard_tiles_large_space
2474,soft_pvc
2475,soft_pvc
2476,soft_tiles
2477,concrete
2478,concrete
2479,soft_pvc
2480,concrete
2481,soft_tiles
2482,soft_tiles
2483,wood
2484,carpet
2485,hard_tiles_large_space
2486,fine_concrete
2487,soft_pvc
2488,concrete
2489,concrete
2490,concrete
2491,concrete
2492,soft_pvc
2493,concrete
2494,concrete
2495,concrete
2496,soft_tiles
2497,soft_pvc
2498,wood
2499,carpet
2500,carpet
2501,fine_concrete
2502,soft_tiles
2503,wood
2504,soft_pvc
2505,wood
2506,concrete
2507,concrete
2508,concrete
2509,concrete
2510,wood
2511,concrete
2512,concrete
2513,wood
2514,concrete
2515,fine_concrete
2516,fine_concrete
2517,carpet
2518,fine_concrete
2519,fine_concrete
2520,soft_tiles
2521,concrete
2522,soft_pvc
2523,wood
2524,soft_pvc
2525,carpet
2526,soft_pvc
2527,hard_tiles_large_space
2528,carpet
2529,soft_tiles
2530,wood
2531,soft_tiles
2532,fine_concrete
2533,hard_tiles_large_space
2534,fine_concrete
2535,concrete
2536,wood
2537,soft_tiles
2538,soft_tiles
2539,soft_pvc
2540,hard_tiles_large_space
2541,concrete
2542,wood
2543,hard_tiles_large_space
2544,tiled
2545,concrete
2546,wood
2547,concrete
2548,wood
2549,tiled
2550,carpet
2551,soft_tiles
2552,wood
2553,soft_pvc
2554,tiled
2555,soft_tiles
2556,tiled
2557,concrete
2558,wood
2559,soft_pvc
2560,hard_tiles_large_space
2561,soft_tiles
2562,concrete
2563,concrete
2564,tiled
2565,soft_pvc
2566,concrete
2567,carpet
2568,concrete
2569,concrete
2570,concrete
2571,soft_pvc
2572,soft_pvc
2573,fine_concrete
2574,wood
2575,wood
2576,soft_tiles
2577,wood
2578,wood
2579,soft_pvc
2580,fine_concrete
2581,concrete
2582,wood
2583,concrete
2584,soft_pvc
2585,fine_concrete
2586,hard_tiles_large_space
2587,concrete
2588,concrete
2589,soft_pvc
2590,soft_tiles
2591,concrete
2592,soft_pvc
2593,tiled
2594,tiled
2595,soft_tiles
2596,fine_concrete
2597,wood
2598,soft_pvc
2599,soft_tiles
2600,soft_pvc
2601,concrete
2602,wood
2603,concrete
2604,carpet
2605,concrete
2606,soft_pvc
2607,concrete
2608,concrete
2609,hard_tiles_large_space
2610,concrete
2611,wood
2612,soft_pvc
2613,concrete
2614,soft_pvc
2615,wood
2616,soft_pvc
2617,wood
2618,soft_pvc
2619,carpet
2620,wood
2621,wood
2622,soft_pvc
2623,hard_tiles_large_space
2624,wood
2625,soft_pvc
2626,soft_pvc
2627,carpet
2628,soft_pvc
2629,wood
2630,concrete
2631,tiled
2632,hard_tiles_large_space
2633,wood
2634,concrete
2635,concrete
2636,wood
2637,concrete
2638,concrete
2639,wood
2640,hard_tiles_large_space
2641,fine_concrete
2642,concrete
2643,concrete
2644,fine_concrete
2645,wood
2646,soft_pvc
2647,hard_tiles
2648,concrete
2649,soft_pvc
2650,tiled
2651,soft_pvc
2652,carpet
2653,fine_concrete
2654,tiled
2655,tiled
2656,concrete
2657,soft_pvc
2658,hard_tiles_large_space
2659,soft_tiles
2660,soft_pvc
2661,soft_tiles
2662,tiled
2663,soft_pvc
2664,soft_pvc
2665,concrete
2666,soft_pvc
2667,wood
2668,concrete
2669,soft_pvc
2670,concrete
2671,concrete
2672,concrete
2673,soft_pvc
2674,wood
2675,concrete
2676,wood
2677,wood
2678,hard_tiles_large_space
2679,soft_pvc
2680,soft_pvc
2681,carpet
2682,soft_pvc
2683,concrete
2684,concrete
2685,concrete
2686,soft_pvc
2687,tiled
2688,soft_pvc
2689,wood
2690,concrete
2691,concrete
2692,soft_pvc
2693,soft_pvc
2694,soft_tiles
2695,tiled
2696,tiled
2697,hard_tiles_large_space
2698,fine_concrete
2699,wood
2700,tiled
2701,concrete
2702,carpet
2703,soft_tiles
2704,hard_tiles_large_space
2705,concrete
2706,concrete
2707,wood
2708,hard_tiles_large_space
2709,soft_pvc
2710,soft_pvc
2711,concrete
2712,wood
2713,wood
2714,concrete
2715,soft_pvc
2716,fine_concrete
2717,concrete
2718,tiled
2719,carpet
2720,concrete
2721,tiled
2722,wood
2723,carpet
2724,concrete
2725,concrete
2726,concrete
2727,tiled
2728,wood
2729,tiled
2730,wood
2731,wood
2732,carpet
2733,fine_concrete
2734,concrete
2735,concrete
2736,soft_tiles
2737,concrete
2738,soft_pvc
2739,soft_pvc
2740,concrete
2741,wood
2742,concrete
2743,concrete
2744,concrete
2745,wood
2746,hard_tiles_large_space
2747,concrete
2748,soft_pvc
2749,soft_pvc
2750,carpet
2751,fine_concrete
2752,concrete
2753,wood
2754,concrete
2755,soft_tiles
2756,tiled
2757,soft_pvc
2758,fine_concrete
2759,soft_pvc
2760,concrete
2761,soft_pvc
2762,fine_concrete
2763,hard_tiles_large_space
2764,soft_tiles
2765,concrete
2766,concrete
2767,soft_pvc
2768,hard_tiles_large_space
2769,concrete
2770,hard_tiles_large_space
2771,hard_tiles_large_space
2772,soft_pvc
2773,soft_pvc
2774,tiled
2775,carpet
2776,soft_tiles
2777,wood
2778,concrete
2779,fine_concrete
2780,concrete
2781,fine_concrete
2782,fine_concrete
2783,concrete
2784,fine_concrete
2785,tiled
2786,fine_concrete
2787,fine_concrete
2788,hard_tiles_large_space
2789,soft_pvc
2790,hard_tiles_large_space
2791,wood
2792,soft_tiles
2793,concrete
2794,soft_tiles
2795,concrete
2796,carpet
2797,soft_pvc
2798,soft_pvc
2799,hard_tiles_large_space
2800,concrete
2801,concrete
2802,soft_tiles
2803,soft_pvc
2804,concrete
2805,concrete
2806,concrete
2807,concrete
2808,carpet
2809,soft_pvc
2810,wood
2811,concrete
2812,concrete
2813,soft_pvc
2814,concrete
2815,fine_concrete
2816,carpet
2817,concrete
2818,fine_concrete
2819,fine_concrete
2820,wood
2821,concrete
2822,soft_pvc
2823,concrete
2824,concrete
2825,wood
2826,soft_pvc
2827,soft_tiles
2828,soft_tiles
2829,tiled
2830,concrete
2831,tiled
2832,soft_pvc
2833,concrete
2834,tiled
2835,soft_pvc
2836,soft_pvc
2837,soft_pvc
2838,carpet
2839,soft_pvc
2840,wood
2841,soft_pvc
2842,carpet
2843,carpet
2844,soft_pvc
2845,fine_concrete
2846,wood
2847,concrete
2848,concrete
2849,hard_tiles_large_space
2850,wood
2851,carpet
2852,soft_pvc
2853,wood
2854,carpet
2855,soft_pvc
2856,concrete
2857,fine_concrete
2858,concrete
2859,soft_pvc
2860,concrete
2861,wood
2862,hard_tiles_large_space
2863,concrete
2864,carpet
2865,concrete
2866,soft_tiles
2867,tiled
2868,soft_pvc
2869,wood
2870,soft_pvc
2871,concrete
2872,concrete
2873,concrete
2874,wood
2875,tiled
2876,soft_pvc
2877,concrete
2878,concrete
2879,soft_tiles
2880,carpet
2881,fine_concrete
2882,concrete
2883,fine_concrete
2884,concrete
2885,wood
2886,fine_concrete
2887,soft_pvc
2888,tiled
2889,concrete
2890,soft_tiles
2891,soft_pvc
2892,wood
2893,hard_tiles_large_space
2894,soft_pvc
2895,concrete
2896,concrete
2897,soft_tiles
2898,soft_pvc
2899,concrete
2900,soft_pvc
2901,soft_tiles
2902,concrete
2903,concrete
2904,wood
2905,soft_pvc
2906,tiled
2907,carpet
2908,soft_pvc
2909,soft_pvc
2910,carpet
2911,tiled
2912,tiled
2913,wood
2914,tiled
2915,concrete
2916,concrete
2917,concrete
2918,concrete
2919,fine_concrete
2920,soft_pvc
2921,soft_tiles
2922,concrete
2923,soft_pvc
2924,soft_pvc
2925,concrete
2926,soft_pvc
2927,soft_tiles
2928,soft_pvc
2929,soft_pvc
2930,concrete
2931,soft_pvc
2932,tiled
2933,soft_pvc
2934,wood
2935,hard_tiles_large_space
2936,concrete
2937,wood
2938,carpet
2939,tiled
2940,tiled
2941,hard_tiles_large_space
2942,hard_tiles_large_space
2943,concrete
2944,wood
2945,soft_pvc
2946,soft_pvc
2947,fine_concrete
2948,concrete
2949,concrete
2950,soft_pvc
2951,carpet
2952,soft_tiles
2953,hard_tiles_large_space
2954,hard_tiles_large_space
2955,soft_tiles
2956,concrete
2957,concrete
2958,fine_concrete
2959,soft_pvc
2960,tiled
2961,hard_tiles_large_space
2962,concrete
2963,soft_pvc
2964,wood
2965,hard_tiles
2966,wood
2967,wood
2968,tiled
2969,hard_tiles_large_space
2970,carpet
2971,wood
2972,soft_tiles
2973,concrete
2974,wood
2975,wood
2976,carpet
2977,tiled
2978,concrete
2979,concrete
2980,soft_pvc
2981,concrete
2982,concrete
2983,fine_concrete
2984,soft_pvc
2985,fine_concrete
2986,concrete
2987,wood
2988,concrete
2989,soft_pvc
2990,soft_pvc
2991,concrete
2992,soft_tiles
2993,wood
2994,soft_pvc
2995,fine_concrete
2996,tiled
2997,concrete
2998,concrete
2999,soft_pvc
3000,wood
3001,soft_pvc
3002,fine_concrete
3003,tiled
3004,carpet
3005,fine_concrete
3006,fine_concrete
3007,soft_pvc
3008,soft_tiles
3009,soft_pvc
3010,soft_pvc
3011,soft_pvc
3012,carpet
3013,soft_pvc
3014,concrete
3015,soft_pvc
3016,soft_tiles
3017,tiled
3018,concrete
3019,wood
3020,wood
3021,soft_pvc
3022,tiled
3023,soft_tiles
3024,soft_pvc
3025,concrete
3026,soft_tiles
3027,fine_concrete
3028,soft_pvc
3029,soft_pvc
3030,hard_tiles_large_space
3031,concrete
3032,concrete
3033,hard_tiles_large_space
3034,hard_tiles_large_space
3035,fine_concrete
3036,carpet
3037,fine_concrete
3038,wood
3039,wood
3040,soft_pvc
3041,concrete
3042,concrete
3043,concrete
3044,concrete
3045,carpet
3046,soft_pvc
3047,wood
3048,soft_tiles
3049,soft_pvc
3050,wood
3051,wood
3052,concrete
3053,concrete
3054,hard_tiles_large_space
3055,tiled
3056,wood
3057,hard_tiles_large_space
3058,concrete
3059,soft_pvc
3060,hard_tiles_large_space
3061,carpet
3062,soft_tiles
3063,tiled
3064,wood
3065,fine_concrete
3066,concrete
3067,concrete
3068,concrete
3069,wood
3070,fine_concrete
3071,concrete
3072,concrete
3073,wood
3074,soft_pvc
3075,concrete
3076,fine_concrete
3077,concrete
3078,concrete
3079,concrete
3080,soft_pvc
3081,concrete
3082,concrete
3083,fine_concrete
3084,soft_tiles
3085,soft_tiles
3086,wood
3087,carpet
3088,soft_pvc
3089,hard_tiles_large_space
3090,soft_pvc
3091,fine_concrete
3092,wood
3093,wood
3094,concrete
3095,wood
3096,fine_concrete
3097,concrete
3098,concrete
3099,soft_pvc
3100,wood
3101,hard_tiles_large_space
3102,soft_tiles
3103,carpet
3104,wood
3105,carpet
3106,wood
3107,carpet
3108,wood
3109,soft_tiles
3110,soft_pvc
3111,concrete
3112,concrete
3113,soft_pvc
3114,fine_concrete
3115,concrete
3116,wood
3117,hard_tiles_large_space
3118,concrete
3119,hard_tiles_large_space
3120,hard_tiles_large_space
3121,concrete
3122,soft_tiles
3123,wood
3124,hard_tiles_large_space
3125,concrete
3126,wood
3127,wood
3128,wood
3129,concrete
3130,hard_tiles_large_space
3131,concrete
3132,wood
3133,soft_pvc
3134,tiled
3135,concrete
3136,concrete
3137,concrete
3138,wood
3139,soft_pvc
3140,wood
3141,wood
3142,soft_tiles
3143,fine_concrete
3144,carpet
3145,soft_pvc
3146,concrete
3147,carpet
3148,fine_concrete
3149,soft_pvc
3150,wood
3151,soft_pvc
3152,concrete
3153,fine_concrete
3154,carpet
3155,soft_pvc
3156,hard_tiles_large_space
3157,fine_concrete
3158,concrete
3159,soft_pvc
3160,concrete
3161,fine_concrete
3162,concrete
3163,fine_concrete
3164,hard_tiles
3165,concrete
3166,soft_tiles
3167,concrete
3168,tiled
3169,soft_pvc
3170,hard_tiles_large_space
3171,concrete
3172,wood
3173,concrete
3174,fine_concrete
3175,soft_pvc
3176,soft_pvc
3177,concrete
3178,concrete
3179,tiled
3180,soft_pvc
3181,concrete
3182,soft_pvc
3183,concrete
3184,concrete
3185,concrete
3186,soft_tiles
3187,hard_tiles_large_space
3188,concrete
3189,concrete
3190,carpet
3191,concrete
3192,wood
3193,fine_concrete
3194,wood
3195,concrete
3196,soft_pvc
3197,soft_pvc
3198,concrete
3199,concrete
3200,fine_concrete
3201,concrete
3202,concrete
3203,concrete
3204,concrete
3205,hard_tiles_large_space
3206,concrete
3207,concrete
3208,wood
3209,concrete
3210,soft_pvc
3211,soft_pvc
3212,tiled
3213,soft_pvc
3214,hard_tiles_large_space
3215,soft_pvc
3216,carpet
3217,wood
3218,soft_pvc
3219,tiled
3220,fine_concrete
3221,carpet
3222,soft_tiles
3223,hard_tiles_large_space
3224,tiled
3225,soft_tiles
3226,concrete
3227,soft_tiles
3228,soft_pvc
3229,concrete
3230,concrete
3231,soft_tiles
3232,concrete
3233,concrete
3234,concrete
3235,soft_tiles
3236,fine_concrete
3237,hard_tiles_large_space
3238,wood
3239,hard_tiles_large_space
3240,soft_pvc
3241,concrete
3242,soft_pvc
3243,hard_tiles_large_space
3244,concrete
3245,concrete
3246,hard_tiles_large_space
3247,concrete
3248,concrete
3249,concrete
3250,concrete
3251,soft_pvc
3252,wood
3253,concrete
3254,wood
3255,soft_pvc
3256,wood
3257,wood
3258,soft_pvc
3259,wood
3260,wood
3261,concrete
3262,concrete
3263,concrete
3264,hard_tiles_large_space
3265,wood
3266,tiled
3267,concrete
3268,wood
3269,fine_concrete
3270,tiled
3271,soft_pvc
3272,hard_tiles_large_space
3273,fine_concrete
3274,concrete
3275,soft_pvc
3276,concrete
3277,soft_pvc
3278,wood
3279,concrete
3280,concrete
3281,hard_tiles_large_space
3282,carpet
3283,concrete
3284,concrete
3285,wood
3286,fine_concrete
3287,concrete
3288,fine_concrete
3289,soft_tiles
3290,concrete
3291,soft_pvc
3292,concrete
3293,hard_tiles_large_space
3294,concrete
3295,concrete
3296,hard_tiles_large_space
3297,fine_concrete
3298,concrete
3299,wood
3300,wood
3301,tiled
3302,soft_pvc
3303,concrete
3304,tiled
3305,fine_concrete
3306,concrete
3307,soft_pvc
3308,wood
3309,tiled
3310,fine_concrete
3311,soft_pvc
3312,concrete
3313,wood
3314,wood
3315,fine_concrete
3316,carpet
3317,hard_tiles_large_space
3318,concrete
3319,concrete
3320,concrete
3321,concrete
3322,wood
3323,concrete
3324,soft_pvc
3325,concrete
3326,soft_pvc
3327,soft_pvc
3328,soft_tiles
3329,carpet
3330,soft_pvc
3331,concrete
3332,concrete
3333,soft_pvc
3334,hard_tiles_large_space
3335,wood
3336,hard_tiles_large_space
3337,soft_pvc
3338,wood
3339,soft_pvc
3340,soft_pvc
3341,concrete
3342,hard_tiles_large_space
3343,fine_concrete
3344,wood
3345,tiled
3346,soft_pvc
3347,fine_concrete
3348,concrete
3349,concrete
3350,tiled
3351,soft_pvc
3352,tiled
3353,concrete
3354,soft_pvc
3355,soft_pvc
3356,soft_pvc
3357,concrete
3358,hard_tiles_large_space
3359,concrete
3360,concrete
3361,carpet
3362,concrete
3363,soft_tiles
3364,carpet
3365,tiled
3366,hard_tiles_large_space
3367,concrete
3368,soft_tiles
3369,soft_pvc
3370,concrete
3371,concrete
3372,wood
3373,tiled
3374,fine_concrete
3375,hard_tiles_large_space
3376,soft_pvc
3377,tiled
3378,fine_concrete
3379,wood
3380,soft_pvc
3381,concrete
3382,tiled
3383,soft_pvc
3384,fine_concrete
3385,concrete
3386,concrete
3387,carpet
3388,wood
3389,concrete
3390,tiled
3391,concrete
3392,carpet
3393,hard_tiles_large_space
3394,tiled
3395,tiled
3396,soft_pvc
3397,wood
3398,hard_tiles_large_space
3399,wood
3400,soft_tiles
3401,wood
3402,soft_tiles
3403,wood
3404,hard_tiles_large_space
3405,fine_concrete
3406,soft_pvc
3407,hard_tiles
3408,tiled
3409,fine_concrete
3410,tiled
3411,soft_pvc
3412,concrete
3413,fine_concrete
3414,concrete
3415,concrete
3416,soft_tiles
3417,concrete
3418,concrete
3419,concrete
3420,wood
3421,tiled
3422,concrete
3423,wood
3424,wood
3425,concrete
3426,concrete
3427,fine_concrete
3428,fine_concrete
3429,concrete
3430,concrete
3431,concrete
3432,concrete
3433,tiled
3434,hard_tiles_large_space
3435,soft_tiles
3436,carpet
3437,wood
3438,wood
3439,soft_tiles
3440,soft_tiles
3441,wood
3442,concrete
3443,concrete
3444,tiled
3445,soft_pvc
3446,wood
3447,hard_tiles_large_space
3448,soft_pvc
3449,wood
3450,soft_pvc
3451,concrete
3452,soft_pvc
3453,wood
3454,soft_tiles
3455,carpet
3456,fine_concrete
3457,fine_concrete
3458,carpet
3459,concrete
3460,tiled
3461,carpet
3462,soft_pvc
3463,hard_tiles_large_space
3464,concrete
3465,wood
3466,wood
3467,soft_pvc
3468,soft_tiles
3469,concrete
3470,wood
3471,fine_concrete
3472,fine_concrete
3473,concrete
3474,concrete
3475,fine_concrete
3476,wood
3477,wood
3478,soft_pvc
3479,soft_pvc
3480,soft_tiles
3481,concrete
3482,soft_pvc
3483,soft_pvc
3484,wood
3485,hard_tiles_large_space
3486,hard_tiles_large_space
3487,soft_pvc
3488,tiled
3489,hard_tiles
3490,concrete
3491,wood
3492,tiled
3493,soft_tiles
3494,wood
3495,tiled
3496,soft_pvc
3497,soft_pvc
3498,concrete
3499,hard_tiles_large_space
3500,hard_tiles_large_space
3501,wood
3502,soft_pvc
3503,hard_tiles_large_space
3504,carpet
3505,concrete
3506,soft_pvc
3507,soft_tiles
3508,concrete
3509,soft_pvc
3510,fine_concrete
3511,concrete
3512,hard_tiles_large_space
3513,concrete
3514,hard_tiles_large_space
3515,wood
3516,wood
3517,concrete
3518,wood
3519,soft_pvc
3520,soft_pvc
3521,wood
3522,tiled
3523,soft_tiles
3524,carpet
3525,fine_concrete
3526,soft_pvc
3527,tiled
3528,fine_concrete
3529,soft_pvc
3530,concrete
3531,wood
3532,wood
3533,soft_pvc
3534,wood
3535,soft_pvc
3536,carpet
3537,fine_concrete
3538,concrete
3539,concrete
3540,fine_concrete
3541,concrete
3542,carpet
3543,wood
3544,hard_tiles_large_space
3545,wood
3546,fine_concrete
3547,soft_pvc
3548,concrete
3549,soft_tiles
3550,concrete
3551,fine_concrete
3552,soft_tiles
3553,wood
3554,wood
3555,carpet
3556,wood
3557,concrete
3558,soft_tiles
3559,concrete
3560,hard_tiles_large_space
3561,concrete
3562,soft_pvc
3563,carpet
3564,soft_pvc
3565,soft_pvc
3566,soft_pvc
3567,soft_pvc
3568,concrete
3569,concrete
3570,concrete
3571,soft_tiles
3572,soft_tiles
3573,carpet
3574,concrete
3575,concrete
3576,concrete
3577,carpet
3578,soft_tiles
3579,tiled
3580,wood
3581,concrete
3582,fine_concrete
3583,soft_pvc
3584,wood
3585,carpet
3586,fine_concrete
3587,soft_tiles
3588,soft_pvc
3589,wood
3590,concrete
3591,hard_tiles_large_space
3592,concrete
3593,soft_pvc
3594,concrete
3595,concrete
3596,fine_concrete
3597,carpet
3598,wood
3599,concrete
3600,concrete
3601,tiled
3602,soft_pvc
3603,soft_tiles
3604,concrete
3605,concrete
3606,concrete
3607,concrete
3608,soft_tiles
3609,hard_tiles_large_space
3610,wood
3611,carpet
3612,wood
3613,wood
3614,concrete
3615,tiled
3616,soft_pvc
3617,concrete
3618,carpet
3619,tiled
3620,hard_tiles_large_space
3621,hard_tiles_large_space
3622,wood
3623,fine_concrete
3624,concrete
3625,concrete
3626,soft_tiles
3627,soft_pvc
3628,fine_concrete
3629,wood
3630,soft_pvc
3631,wood
3632,fine_concrete
3633,tiled
3634,tiled
3635,soft_pvc
3636,soft_tiles
3637,fine_concrete
3638,tiled
3639,fine_concrete
3640,concrete
3641,concrete
3642,carpet
3643,concrete
3644,tiled
3645,soft_pvc
3646,wood
3647,concrete
3648,wood
3649,soft_pvc
3650,soft_pvc
3651,wood
3652,fine_concrete
3653,wood
3654,concrete
3655,concrete
3656,concrete
3657,concrete
3658,tiled
3659,concrete
3660,concrete
3661,soft_tiles
3662,soft_pvc
3663,fine_concrete
3664,concrete
3665,carpet
3666,hard_tiles_large_space
3667,wood
3668,hard_tiles_large_space
3669,concrete
3670,fine_concrete
3671,concrete
3672,wood
3673,soft_pvc
3674,concrete
3675,hard_tiles_large_space
3676,wood
3677,fine_concrete
3678,concrete
3679,tiled
3680,concrete
3681,concrete
3682,concrete
3683,concrete
3684,wood
3685,hard_tiles_large_space
3686,concrete
3687,concrete
3688,concrete
3689,carpet
3690,tiled
3691,concrete
3692,tiled
3693,wood
3694,soft_pvc
3695,soft_pvc
3696,wood
3697,concrete
3698,wood
3699,soft_tiles
3700,soft_pvc
3701,concrete
3702,carpet
3703,tiled
3704,soft_tiles
3705,tiled
3706,wood
3707,carpet
3708,tiled
3709,hard_tiles_large_space
3710,concrete
3711,soft_pvc
3712,soft_pvc
3713,soft_pvc
3714,concrete
3715,soft_pvc
3716,concrete
3717,concrete
3718,concrete
3719,concrete
3720,tiled
3721,soft_tiles
3722,soft_pvc
3723,concrete
3724,concrete
3725,soft_pvc
3726,tiled
3727,hard_tiles_large_space
3728,fine_concrete
3729,soft_tiles
3730,soft_pvc
3731,concrete
3732,tiled
3733,hard_tiles
3734,concrete
3735,concrete
3736,fine_concrete
3737,carpet
3738,carpet
3739,soft_tiles
3740,soft_pvc
3741,concrete
3742,tiled
3743,carpet
3744,concrete
3745,carpet
3746,wood
3747,concrete
3748,concrete
3749,wood
3750,fine_concrete
3751,wood
3752,wood
3753,soft_pvc
3754,wood
3755,soft_tiles
3756,wood
3757,soft_pvc
3758,carpet
3759,hard_tiles_large_space
3760,concrete
3761,carpet
3762,concrete
3763,fine_concrete
3764,concrete
3765,concrete
3766,concrete
3767,concrete
3768,soft_pvc
3769,soft_pvc
3770,tiled
3771,concrete
3772,concrete
3773,concrete
3774,concrete
3775,tiled
3776,concrete
3777,concrete
3778,concrete
3779,soft_pvc
3780,soft_pvc
3781,soft_pvc
3782,fine_concrete
3783,soft_pvc
3784,soft_tiles
3785,hard_tiles_large_space
3786,concrete
3787,carpet
3788,hard_tiles_large_space
3789,carpet
3790,concrete
3791,hard_tiles_large_space
3792,soft_pvc
3793,wood
3794,concrete
3795,fine_concrete
3796,soft_tiles
3797,concrete
3798,wood
3799,concrete
3800,hard_tiles_large_space
3801,carpet
3802,fine_concrete
3803,concrete
3804,concrete
3805,soft_pvc
3806,concrete
3807,soft_pvc
3808,tiled
3809,fine_concrete
3810,wood
3811,soft_pvc
3812,soft_tiles
3813,hard_tiles_large_space
3814,concrete
3815,wood
