,series_id,surface
0,0,hard_tiles_large_space
1,1,concrete
2,2,tiled
3,3,soft_tiles
4,4,soft_tiles
5,5,concrete
6,6,concrete
7,7,concrete
8,8,wood
9,9,carpet
10,10,soft_pvc
11,11,concrete
12,12,wood
13,13,concrete
14,14,carpet
15,15,wood
16,16,carpet
17,17,concrete
18,18,wood
19,19,fine_concrete
20,20,soft_pvc
21,21,carpet
22,22,concrete
23,23,hard_tiles_large_space
24,24,concrete
25,25,wood
26,26,concrete
27,27,tiled
28,28,carpet
29,29,concrete
30,30,fine_concrete
31,31,carpet
32,32,concrete
33,33,soft_pvc
34,34,soft_pvc
35,35,wood
36,36,fine_concrete
37,37,soft_tiles
38,38,fine_concrete
39,39,soft_pvc
40,40,carpet
41,41,soft_pvc
42,42,soft_pvc
43,43,wood
44,44,soft_pvc
45,45,wood
46,46,wood
47,47,carpet
48,48,wood
49,49,wood
50,50,wood
51,51,concrete
52,52,concrete
53,53,wood
54,54,fine_concrete
55,55,carpet
56,56,tiled
57,57,wood
58,58,concrete
59,59,concrete
60,60,concrete
61,61,concrete
62,62,wood
63,63,concrete
64,64,concrete
65,65,soft_pvc
66,66,tiled
67,67,soft_tiles
68,68,soft_pvc
69,69,hard_tiles_large_space
70,70,carpet
71,71,soft_pvc
72,72,concrete
73,73,wood
74,74,hard_tiles_large_space
75,75,wood
76,76,tiled
77,77,soft_pvc
78,78,concrete
79,79,soft_pvc
80,80,soft_tiles
81,81,tiled
82,82,wood
83,83,tiled
84,84,concrete
85,85,soft_tiles
86,86,fine_concrete
87,87,concrete
88,88,concrete
89,89,concrete
90,90,wood
91,91,concrete
92,92,soft_tiles
93,93,concrete
94,94,tiled
95,95,carpet
96,96,soft_pvc
97,97,concrete
98,98,soft_tiles
99,99,wood
100,100,hard_tiles_large_space
101,101,soft_tiles
102,102,wood
103,103,wood
104,104,fine_concrete
105,105,concrete
106,106,concrete
107,107,soft_tiles
108,108,wood
109,109,tiled
110,110,soft_pvc
111,111,hard_tiles_large_space
112,112,soft_pvc
113,113,fine_concrete
114,114,concrete
115,115,soft_tiles
116,116,soft_pvc
117,117,soft_tiles
118,118,hard_tiles_large_space
119,119,soft_pvc
120,120,carpet
121,121,wood
122,122,concrete
123,123,concrete
124,124,wood
125,125,tiled
126,126,tiled
127,127,wood
128,128,soft_pvc
129,129,concrete
130,130,hard_tiles
131,131,wood
132,132,soft_pvc
133,133,wood
134,134,soft_pvc
135,135,carpet
136,136,concrete
137,137,hard_tiles_large_space
138,138,concrete
139,139,concrete
140,140,soft_tiles
141,141,carpet
142,142,soft_pvc
143,143,fine_concrete
144,144,concrete
145,145,carpet
146,146,concrete
147,147,concrete
148,148,hard_tiles_large_space
149,149,concrete
150,150,concrete
151,151,concrete
152,152,carpet
153,153,soft_tiles
154,154,concrete
155,155,fine_concrete
156,156,tiled
157,157,carpet
158,158,tiled
159,159,wood
160,160,wood
161,161,hard_tiles_large_space
162,162,soft_pvc
163,163,wood
164,164,fine_concrete
165,165,wood
166,166,fine_concrete
167,167,hard_tiles_large_space
168,168,wood
169,169,hard_tiles_large_space
170,170,wood
171,171,soft_pvc
172,172,wood
173,173,concrete
174,174,fine_concrete
175,175,concrete
176,176,concrete
177,177,hard_tiles_large_space
178,178,concrete
179,179,hard_tiles_large_space
180,180,carpet
181,181,fine_concrete
182,182,soft_pvc
183,183,soft_pvc
184,184,concrete
185,185,soft_pvc
186,186,tiled
187,187,wood
188,188,wood
189,189,concrete
190,190,fine_concrete
191,191,wood
192,192,soft_pvc
193,193,concrete
194,194,soft_pvc
195,195,concrete
196,196,wood
197,197,soft_tiles
198,198,concrete
199,199,soft_pvc
200,200,hard_tiles_large_space
201,201,soft_pvc
202,202,fine_concrete
203,203,hard_tiles_large_space
204,204,soft_tiles
205,205,soft_tiles
206,206,soft_pvc
207,207,carpet
208,208,fine_concrete
209,209,carpet
210,210,soft_pvc
211,211,wood
212,212,soft_pvc
213,213,carpet
214,214,wood
215,215,soft_tiles
216,216,soft_tiles
217,217,fine_concrete
218,218,soft_pvc
219,219,concrete
220,220,soft_pvc
221,221,wood
222,222,concrete
223,223,soft_pvc
224,224,carpet
225,225,soft_pvc
226,226,wood
227,227,soft_pvc
228,228,fine_concrete
229,229,tiled
230,230,wood
231,231,fine_concrete
232,232,concrete
233,233,soft_pvc
234,234,concrete
235,235,fine_concrete
236,236,soft_pvc
237,237,concrete
238,238,concrete
239,239,fine_concrete
240,240,carpet
241,241,tiled
242,242,tiled
243,243,soft_pvc
244,244,wood
245,245,tiled
246,246,wood
247,247,tiled
248,248,carpet
249,249,concrete
250,250,tiled
251,251,carpet
252,252,wood
253,253,concrete
254,254,concrete
255,255,soft_tiles
256,256,fine_concrete
257,257,fine_concrete
258,258,fine_concrete
259,259,soft_tiles
260,260,concrete
261,261,soft_pvc
262,262,wood
263,263,concrete
264,264,concrete
265,265,soft_tiles
266,266,hard_tiles_large_space
267,267,tiled
268,268,tiled
269,269,carpet
270,270,fine_concrete
271,271,concrete
272,272,concrete
273,273,hard_tiles_large_space
274,274,soft_pvc
275,275,concrete
276,276,tiled
277,277,wood
278,278,soft_pvc
279,279,soft_pvc
280,280,concrete
281,281,wood
282,282,concrete
283,283,wood
284,284,wood
285,285,wood
286,286,fine_concrete
287,287,concrete
288,288,tiled
289,289,tiled
290,290,hard_tiles_large_space
291,291,hard_tiles_large_space
292,292,soft_tiles
293,293,concrete
294,294,concrete
295,295,soft_pvc
296,296,soft_pvc
297,297,wood
298,298,soft_pvc
299,299,concrete
300,300,tiled
301,301,concrete
302,302,wood
303,303,concrete
304,304,hard_tiles_large_space
305,305,soft_pvc
306,306,tiled
307,307,concrete
308,308,concrete
309,309,concrete
310,310,hard_tiles_large_space
311,311,carpet
312,312,soft_tiles
313,313,wood
314,314,fine_concrete
315,315,wood
316,316,soft_pvc
317,317,wood
318,318,fine_concrete
319,319,wood
320,320,hard_tiles_large_space
321,321,soft_pvc
322,322,soft_pvc
323,323,soft_tiles
324,324,tiled
325,325,wood
326,326,hard_tiles_large_space
327,327,carpet
328,328,concrete
329,329,concrete
330,330,hard_tiles_large_space
331,331,soft_pvc
332,332,tiled
333,333,fine_concrete
334,334,concrete
335,335,concrete
336,336,concrete
337,337,wood
338,338,soft_pvc
339,339,wood
340,340,wood
341,341,hard_tiles_large_space
342,342,carpet
343,343,fine_concrete
344,344,wood
345,345,carpet
346,346,fine_concrete
347,347,wood
348,348,concrete
349,349,wood
350,350,hard_tiles_large_space
351,351,soft_tiles
352,352,tiled
353,353,wood
354,354,wood
355,355,tiled
356,356,soft_pvc
357,357,soft_tiles
358,358,wood
359,359,concrete
360,360,tiled
361,361,concrete
362,362,concrete
363,363,soft_pvc
364,364,tiled
365,365,fine_concrete
366,366,fine_concrete
367,367,wood
368,368,wood
369,369,concrete
370,370,hard_tiles_large_space
371,371,wood
372,372,soft_pvc
373,373,concrete
374,374,wood
375,375,wood
376,376,soft_tiles
377,377,tiled
378,378,hard_tiles_large_space
379,379,soft_pvc
380,380,soft_tiles
381,381,soft_tiles
382,382,wood
383,383,hard_tiles_large_space
384,384,fine_concrete
385,385,concrete
386,386,carpet
387,387,fine_concrete
388,388,tiled
389,389,tiled
390,390,carpet
391,391,wood
392,392,concrete
393,393,fine_concrete
394,394,concrete
395,395,soft_tiles
396,396,soft_pvc
397,397,soft_pvc
398,398,concrete
399,399,concrete
400,400,tiled
401,401,concrete
402,402,wood
403,403,wood
404,404,concrete
405,405,soft_tiles
406,406,carpet
407,407,tiled
408,408,fine_concrete
409,409,soft_pvc
410,410,concrete
411,411,wood
412,412,concrete
413,413,wood
414,414,wood
415,415,hard_tiles_large_space
416,416,fine_concrete
417,417,soft_pvc
418,418,soft_tiles
419,419,tiled
420,420,soft_tiles
421,421,fine_concrete
422,422,hard_tiles_large_space
423,423,soft_pvc
424,424,wood
425,425,soft_pvc
426,426,wood
427,427,soft_tiles
428,428,hard_tiles_large_space
429,429,concrete
430,430,concrete
431,431,tiled
432,432,soft_pvc
433,433,concrete
434,434,fine_concrete
435,435,wood
436,436,concrete
437,437,soft_tiles
438,438,carpet
439,439,soft_pvc
440,440,carpet
441,441,soft_tiles
442,442,soft_pvc
443,443,soft_pvc
444,444,wood
445,445,soft_pvc
446,446,hard_tiles_large_space
447,447,hard_tiles_large_space
448,448,wood
449,449,carpet
450,450,concrete
451,451,concrete
452,452,wood
453,453,wood
454,454,soft_tiles
455,455,concrete
456,456,concrete
457,457,soft_pvc
458,458,fine_concrete
459,459,concrete
460,460,soft_tiles
461,461,concrete
462,462,tiled
463,463,concrete
464,464,fine_concrete
465,465,concrete
466,466,concrete
467,467,soft_tiles
468,468,soft_tiles
469,469,soft_tiles
470,470,soft_pvc
471,471,soft_pvc
472,472,hard_tiles_large_space
473,473,tiled
474,474,soft_tiles
475,475,soft_pvc
476,476,wood
477,477,concrete
478,478,wood
479,479,wood
480,480,carpet
481,481,concrete
482,482,concrete
483,483,concrete
484,484,wood
485,485,carpet
486,486,concrete
487,487,concrete
488,488,soft_pvc
489,489,concrete
490,490,carpet
491,491,soft_pvc
492,492,concrete
493,493,carpet
494,494,soft_pvc
495,495,carpet
496,496,wood
497,497,concrete
498,498,concrete
499,499,fine_concrete
500,500,concrete
501,501,wood
502,502,tiled
503,503,tiled
504,504,wood
505,505,fine_concrete
506,506,concrete
507,507,concrete
508,508,wood
509,509,carpet
510,510,soft_pvc
511,511,wood
512,512,soft_tiles
513,513,soft_tiles
514,514,soft_pvc
515,515,tiled
516,516,soft_pvc
517,517,wood
518,518,carpet
519,519,wood
520,520,concrete
521,521,soft_tiles
522,522,fine_concrete
523,523,wood
524,524,concrete
525,525,hard_tiles_large_space
526,526,wood
527,527,soft_tiles
528,528,wood
529,529,concrete
530,530,fine_concrete
531,531,carpet
532,532,soft_pvc
533,533,soft_tiles
534,534,concrete
535,535,concrete
536,536,concrete
537,537,soft_pvc
538,538,fine_concrete
539,539,wood
540,540,hard_tiles_large_space
541,541,carpet
542,542,soft_pvc
543,543,concrete
544,544,fine_concrete
545,545,wood
546,546,wood
547,547,soft_pvc
548,548,concrete
549,549,concrete
550,550,soft_tiles
551,551,hard_tiles_large_space
552,552,fine_concrete
553,553,concrete
554,554,carpet
555,555,concrete
556,556,carpet
557,557,wood
558,558,concrete
559,559,soft_pvc
560,560,fine_concrete
561,561,fine_concrete
562,562,soft_pvc
563,563,concrete
564,564,concrete
565,565,hard_tiles_large_space
566,566,tiled
567,567,wood
568,568,wood
569,569,soft_pvc
570,570,tiled
571,571,soft_pvc
572,572,carpet
573,573,soft_pvc
574,574,wood
575,575,wood
576,576,concrete
577,577,concrete
578,578,tiled
579,579,carpet
580,580,soft_tiles
581,581,concrete
582,582,carpet
583,583,soft_tiles
584,584,concrete
585,585,fine_concrete
586,586,fine_concrete
587,587,soft_pvc
588,588,carpet
589,589,concrete
590,590,tiled
591,591,concrete
592,592,soft_pvc
593,593,concrete
594,594,wood
595,595,soft_pvc
596,596,concrete
597,597,wood
598,598,tiled
599,599,concrete
600,600,concrete
601,601,carpet
602,602,tiled
603,603,carpet
604,604,wood
605,605,soft_pvc
606,606,concrete
607,607,hard_tiles_large_space
608,608,concrete
609,609,soft_pvc
610,610,hard_tiles_large_space
611,611,concrete
612,612,soft_pvc
613,613,wood
614,614,soft_pvc
615,615,fine_concrete
616,616,hard_tiles_large_space
617,617,concrete
618,618,fine_concrete
619,619,soft_tiles
620,620,concrete
621,621,concrete
622,622,concrete
623,623,wood
624,624,concrete
625,625,hard_tiles_large_space
626,626,soft_pvc
627,627,concrete
628,628,concrete
629,629,fine_concrete
630,630,concrete
631,631,wood
632,632,wood
633,633,wood
634,634,carpet
635,635,concrete
636,636,wood
637,637,concrete
638,638,soft_pvc
639,639,concrete
640,640,soft_pvc
641,641,soft_tiles
642,642,concrete
643,643,tiled
644,644,concrete
645,645,wood
646,646,hard_tiles_large_space
647,647,concrete
648,648,concrete
649,649,hard_tiles_large_space
650,650,wood
651,651,soft_tiles
652,652,concrete
653,653,wood
654,654,soft_pvc
655,655,wood
656,656,tiled
657,657,carpet
658,658,soft_tiles
659,659,concrete
660,660,fine_concrete
661,661,concrete
662,662,soft_pvc
663,663,concrete
664,664,concrete
665,665,tiled
666,666,soft_pvc
667,667,tiled
668,668,concrete
669,669,concrete
670,670,soft_pvc
671,671,fine_concrete
672,672,tiled
673,673,wood
674,674,wood
675,675,soft_pvc
676,676,wood
677,677,concrete
678,678,fine_concrete
679,679,fine_concrete
680,680,concrete
681,681,carpet
682,682,fine_concrete
683,683,concrete
684,684,concrete
685,685,wood
686,686,wood
687,687,tiled
688,688,fine_concrete
689,689,wood
690,690,tiled
691,691,soft_pvc
692,692,wood
693,693,concrete
694,694,wood
695,695,fine_concrete
696,696,soft_pvc
697,697,wood
698,698,soft_tiles
699,699,fine_concrete
700,700,wood
701,701,concrete
702,702,soft_pvc
703,703,tiled
704,704,soft_tiles
705,705,soft_tiles
706,706,hard_tiles_large_space
707,707,soft_pvc
708,708,concrete
709,709,carpet
710,710,soft_pvc
711,711,tiled
712,712,hard_tiles_large_space
713,713,wood
714,714,carpet
715,715,hard_tiles_large_space
716,716,concrete
717,717,wood
718,718,tiled
719,719,soft_pvc
720,720,soft_tiles
721,721,wood
722,722,carpet
723,723,concrete
724,724,soft_tiles
725,725,concrete
726,726,concrete
727,727,wood
728,728,soft_pvc
729,729,concrete
730,730,tiled
731,731,hard_tiles_large_space
732,732,concrete
733,733,concrete
734,734,concrete
735,735,concrete
736,736,concrete
737,737,hard_tiles_large_space
738,738,wood
739,739,concrete
740,740,fine_concrete
741,741,fine_concrete
742,742,concrete
743,743,concrete
744,744,soft_pvc
745,745,soft_pvc
746,746,concrete
747,747,concrete
748,748,concrete
749,749,wood
750,750,soft_tiles
751,751,soft_tiles
752,752,concrete
753,753,concrete
754,754,concrete
755,755,hard_tiles_large_space
756,756,soft_pvc
757,757,soft_tiles
758,758,carpet
759,759,fine_concrete
760,760,fine_concrete
761,761,soft_tiles
762,762,concrete
763,763,concrete
764,764,soft_tiles
765,765,wood
766,766,carpet
767,767,concrete
768,768,soft_pvc
769,769,fine_concrete
770,770,wood
771,771,concrete
772,772,fine_concrete
773,773,wood
774,774,carpet
775,775,wood
776,776,concrete
777,777,wood
778,778,carpet
779,779,concrete
780,780,soft_pvc
781,781,concrete
782,782,wood
783,783,hard_tiles_large_space
784,784,soft_pvc
785,785,hard_tiles_large_space
786,786,fine_concrete
787,787,fine_concrete
788,788,concrete
789,789,wood
790,790,concrete
791,791,concrete
792,792,wood
793,793,concrete
794,794,wood
795,795,concrete
796,796,fine_concrete
797,797,carpet
798,798,wood
799,799,concrete
800,800,soft_pvc
801,801,concrete
802,802,hard_tiles_large_space
803,803,soft_pvc
804,804,concrete
805,805,fine_concrete
806,806,soft_pvc
807,807,soft_tiles
808,808,concrete
809,809,concrete
810,810,soft_pvc
811,811,carpet
812,812,soft_tiles
813,813,concrete
814,814,wood
815,815,soft_pvc
816,816,wood
817,817,soft_tiles
818,818,wood
819,819,fine_concrete
820,820,carpet
821,821,concrete
822,822,concrete
823,823,soft_pvc
824,824,concrete
825,825,carpet
826,826,concrete
827,827,concrete
828,828,hard_tiles_large_space
829,829,wood
830,830,concrete
831,831,concrete
832,832,hard_tiles_large_space
833,833,wood
834,834,wood
835,835,concrete
836,836,soft_pvc
837,837,fine_concrete
838,838,wood
839,839,concrete
840,840,concrete
841,841,wood
842,842,tiled
843,843,fine_concrete
844,844,soft_pvc
845,845,concrete
846,846,soft_pvc
847,847,concrete
848,848,tiled
849,849,wood
850,850,soft_pvc
851,851,soft_pvc
852,852,concrete
853,853,concrete
854,854,concrete
855,855,concrete
856,856,soft_tiles
857,857,carpet
858,858,soft_pvc
859,859,carpet
860,860,wood
861,861,soft_tiles
862,862,soft_pvc
863,863,hard_tiles_large_space
864,864,tiled
865,865,concrete
866,866,fine_concrete
867,867,soft_tiles
868,868,fine_concrete
869,869,hard_tiles_large_space
870,870,soft_tiles
871,871,soft_pvc
872,872,tiled
873,873,tiled
874,874,hard_tiles_large_space
875,875,carpet
876,876,tiled
877,877,carpet
878,878,tiled
879,879,wood
880,880,soft_tiles
881,881,concrete
882,882,soft_tiles
883,883,wood
884,884,soft_tiles
885,885,hard_tiles_large_space
886,886,concrete
887,887,tiled
888,888,fine_concrete
889,889,soft_pvc
890,890,tiled
891,891,soft_pvc
892,892,soft_pvc
893,893,concrete
894,894,concrete
895,895,soft_pvc
896,896,wood
897,897,concrete
898,898,tiled
899,899,soft_pvc
900,900,tiled
901,901,soft_pvc
902,902,soft_pvc
903,903,wood
904,904,tiled
905,905,fine_concrete
906,906,soft_pvc
907,907,wood
908,908,wood
909,909,fine_concrete
910,910,concrete
911,911,concrete
912,912,concrete
913,913,concrete
914,914,wood
915,915,concrete
916,916,concrete
917,917,tiled
918,918,concrete
919,919,soft_tiles
920,920,soft_pvc
921,921,carpet
922,922,hard_tiles_large_space
923,923,fine_concrete
924,924,fine_concrete
925,925,carpet
926,926,concrete
927,927,concrete
928,928,wood
929,929,tiled
930,930,concrete
931,931,tiled
932,932,wood
933,933,concrete
934,934,soft_tiles
935,935,concrete
936,936,soft_pvc
937,937,concrete
938,938,wood
939,939,wood
940,940,concrete
941,941,tiled
942,942,soft_pvc
943,943,wood
944,944,concrete
945,945,wood
946,946,soft_pvc
947,947,soft_pvc
948,948,concrete
949,949,concrete
950,950,concrete
951,951,soft_pvc
952,952,concrete
953,953,carpet
954,954,concrete
955,955,soft_pvc
956,956,wood
957,957,wood
958,958,soft_tiles
959,959,soft_pvc
960,960,hard_tiles
961,961,soft_pvc
962,962,tiled
963,963,soft_pvc
964,964,hard_tiles_large_space
965,965,carpet
966,966,concrete
967,967,soft_pvc
968,968,hard_tiles_large_space
969,969,carpet
970,970,soft_pvc
971,971,concrete
972,972,soft_tiles
973,973,concrete
974,974,wood
975,975,soft_pvc
976,976,concrete
977,977,fine_concrete
978,978,fine_concrete
979,979,concrete
980,980,soft_pvc
981,981,soft_pvc
982,982,wood
983,983,soft_tiles
984,984,concrete
985,985,concrete
986,986,concrete
987,987,wood
988,988,concrete
989,989,concrete
990,990,concrete
991,991,soft_pvc
992,992,concrete
993,993,tiled
994,994,concrete
995,995,wood
996,996,concrete
997,997,carpet
998,998,fine_concrete
999,999,concrete
1000,1000,carpet
1001,1001,concrete
1002,1002,concrete
1003,1003,concrete
1004,1004,soft_pvc
1005,1005,carpet
1006,1006,fine_concrete
1007,1007,wood
1008,1008,concrete
1009,1009,tiled
1010,1010,carpet
1011,1011,concrete
1012,1012,carpet
1013,1013,soft_pvc
1014,1014,concrete
1015,1015,tiled
1016,1016,tiled
1017,1017,concrete
1018,1018,soft_tiles
1019,1019,wood
1020,1020,carpet
1021,1021,hard_tiles_large_space
1022,1022,fine_concrete
1023,1023,concrete
1024,1024,soft_tiles
1025,1025,carpet
1026,1026,soft_pvc
1027,1027,soft_pvc
1028,1028,concrete
1029,1029,wood
1030,1030,fine_concrete
1031,1031,carpet
1032,1032,concrete
1033,1033,soft_pvc
1034,1034,hard_tiles_large_space
1035,1035,carpet
1036,1036,fine_concrete
1037,1037,carpet
1038,1038,soft_pvc
1039,1039,fine_concrete
1040,1040,fine_concrete
1041,1041,carpet
1042,1042,concrete
1043,1043,soft_pvc
1044,1044,wood
1045,1045,concrete
1046,1046,concrete
1047,1047,concrete
1048,1048,concrete
1049,1049,soft_pvc
1050,1050,concrete
1051,1051,soft_pvc
1052,1052,wood
1053,1053,concrete
1054,1054,soft_pvc
1055,1055,soft_tiles
1056,1056,soft_pvc
1057,1057,fine_concrete
1058,1058,carpet
1059,1059,soft_pvc
1060,1060,fine_concrete
1061,1061,soft_pvc
1062,1062,hard_tiles_large_space
1063,1063,carpet
1064,1064,wood
1065,1065,soft_tiles
1066,1066,fine_concrete
1067,1067,tiled
1068,1068,concrete
1069,1069,soft_tiles
1070,1070,hard_tiles_large_space
1071,1071,fine_concrete
1072,1072,wood
1073,1073,concrete
1074,1074,wood
1075,1075,concrete
1076,1076,soft_pvc
1077,1077,concrete
1078,1078,soft_pvc
1079,1079,carpet
1080,1080,soft_tiles
1081,1081,hard_tiles_large_space
1082,1082,fine_concrete
1083,1083,soft_pvc
1084,1084,concrete
1085,1085,tiled
1086,1086,carpet
1087,1087,fine_concrete
1088,1088,wood
1089,1089,soft_pvc
1090,1090,wood
1091,1091,concrete
1092,1092,tiled
1093,1093,tiled
1094,1094,concrete
1095,1095,tiled
1096,1096,wood
1097,1097,concrete
1098,1098,wood
1099,1099,concrete
1100,1100,fine_concrete
1101,1101,wood
1102,1102,soft_tiles
1103,1103,wood
1104,1104,concrete
1105,1105,fine_concrete
1106,1106,concrete
1107,1107,soft_pvc
1108,1108,wood
1109,1109,concrete
1110,1110,fine_concrete
1111,1111,soft_tiles
1112,1112,wood
1113,1113,fine_concrete
1114,1114,soft_pvc
1115,1115,soft_pvc
1116,1116,carpet
1117,1117,soft_pvc
1118,1118,carpet
1119,1119,concrete
1120,1120,tiled
1121,1121,fine_concrete
1122,1122,fine_concrete
1123,1123,soft_pvc
1124,1124,tiled
1125,1125,wood
1126,1126,concrete
1127,1127,hard_tiles_large_space
1128,1128,soft_tiles
1129,1129,concrete
1130,1130,carpet
1131,1131,carpet
1132,1132,concrete
1133,1133,concrete
1134,1134,soft_pvc
1135,1135,soft_pvc
1136,1136,tiled
1137,1137,wood
1138,1138,carpet
1139,1139,concrete
1140,1140,soft_tiles
1141,1141,concrete
1142,1142,soft_pvc
1143,1143,hard_tiles
1144,1144,soft_pvc
1145,1145,soft_pvc
1146,1146,concrete
1147,1147,soft_tiles
1148,1148,concrete
1149,1149,concrete
1150,1150,carpet
1151,1151,concrete
1152,1152,soft_pvc
1153,1153,soft_tiles
1154,1154,soft_pvc
1155,1155,concrete
1156,1156,fine_concrete
1157,1157,tiled
1158,1158,concrete
1159,1159,carpet
1160,1160,concrete
1161,1161,carpet
1162,1162,carpet
1163,1163,concrete
1164,1164,soft_pvc
1165,1165,wood
1166,1166,soft_pvc
1167,1167,wood
1168,1168,wood
1169,1169,wood
1170,1170,hard_tiles_large_space
1171,1171,wood
1172,1172,hard_tiles_large_space
1173,1173,wood
1174,1174,soft_pvc
1175,1175,concrete
1176,1176,hard_tiles_large_space
1177,1177,wood
1178,1178,wood
1179,1179,hard_tiles_large_space
1180,1180,wood
1181,1181,soft_pvc
1182,1182,soft_pvc
1183,1183,wood
1184,1184,concrete
1185,1185,hard_tiles_large_space
1186,1186,tiled
1187,1187,concrete
1188,1188,tiled
1189,1189,soft_tiles
1190,1190,hard_tiles_large_space
1191,1191,soft_tiles
1192,1192,tiled
1193,1193,carpet
1194,1194,wood
1195,1195,concrete
1196,1196,fine_concrete
1197,1197,concrete
1198,1198,concrete
1199,1199,concrete
1200,1200,tiled
1201,1201,concrete
1202,1202,carpet
1203,1203,concrete
1204,1204,concrete
1205,1205,wood
1206,1206,soft_pvc
1207,1207,soft_tiles
1208,1208,concrete
1209,1209,fine_concrete
1210,1210,concrete
1211,1211,tiled
1212,1212,fine_concrete
1213,1213,concrete
1214,1214,wood
1215,1215,concrete
1216,1216,hard_tiles_large_space
1217,1217,hard_tiles_large_space
1218,1218,wood
1219,1219,wood
1220,1220,fine_concrete
1221,1221,concrete
1222,1222,wood
1223,1223,wood
1224,1224,soft_tiles
1225,1225,concrete
1226,1226,wood
1227,1227,concrete
1228,1228,wood
1229,1229,soft_pvc
1230,1230,concrete
1231,1231,concrete
1232,1232,fine_concrete
1233,1233,wood
1234,1234,hard_tiles_large_space
1235,1235,wood
1236,1236,fine_concrete
1237,1237,hard_tiles_large_space
1238,1238,concrete
1239,1239,concrete
1240,1240,concrete
1241,1241,wood
1242,1242,carpet
1243,1243,carpet
1244,1244,soft_pvc
1245,1245,tiled
1246,1246,wood
1247,1247,tiled
1248,1248,concrete
1249,1249,concrete
1250,1250,soft_pvc
1251,1251,concrete
1252,1252,concrete
1253,1253,carpet
1254,1254,soft_pvc
1255,1255,concrete
1256,1256,fine_concrete
1257,1257,wood
1258,1258,carpet
1259,1259,concrete
1260,1260,wood
1261,1261,soft_pvc
1262,1262,fine_concrete
1263,1263,soft_pvc
1264,1264,concrete
1265,1265,soft_pvc
1266,1266,hard_tiles_large_space
1267,1267,soft_pvc
1268,1268,soft_pvc
1269,1269,concrete
1270,1270,soft_pvc
1271,1271,hard_tiles_large_space
1272,1272,soft_pvc
1273,1273,wood
1274,1274,soft_tiles
1275,1275,concrete
1276,1276,wood
1277,1277,concrete
1278,1278,soft_tiles
1279,1279,carpet
1280,1280,concrete
1281,1281,hard_tiles_large_space
1282,1282,concrete
1283,1283,fine_concrete
1284,1284,soft_pvc
1285,1285,soft_pvc
1286,1286,tiled
1287,1287,concrete
1288,1288,wood
1289,1289,soft_pvc
1290,1290,concrete
1291,1291,wood
1292,1292,wood
1293,1293,concrete
1294,1294,fine_concrete
1295,1295,tiled
1296,1296,concrete
1297,1297,concrete
1298,1298,concrete
1299,1299,concrete
1300,1300,wood
1301,1301,fine_concrete
1302,1302,concrete
1303,1303,concrete
1304,1304,concrete
1305,1305,tiled
1306,1306,concrete
1307,1307,concrete
1308,1308,fine_concrete
1309,1309,concrete
1310,1310,concrete
1311,1311,carpet
1312,1312,concrete
1313,1313,fine_concrete
1314,1314,soft_pvc
1315,1315,fine_concrete
1316,1316,concrete
1317,1317,soft_pvc
1318,1318,hard_tiles_large_space
1319,1319,tiled
1320,1320,tiled
1321,1321,carpet
1322,1322,soft_tiles
1323,1323,concrete
1324,1324,soft_pvc
1325,1325,concrete
1326,1326,concrete
1327,1327,soft_pvc
1328,1328,soft_pvc
1329,1329,concrete
1330,1330,tiled
1331,1331,soft_tiles
1332,1332,carpet
1333,1333,concrete
1334,1334,concrete
1335,1335,hard_tiles_large_space
1336,1336,carpet
1337,1337,carpet
1338,1338,wood
1339,1339,soft_pvc
1340,1340,concrete
1341,1341,carpet
1342,1342,wood
1343,1343,soft_tiles
1344,1344,soft_pvc
1345,1345,concrete
1346,1346,fine_concrete
1347,1347,soft_pvc
1348,1348,tiled
1349,1349,hard_tiles_large_space
1350,1350,hard_tiles_large_space
1351,1351,concrete
1352,1352,concrete
1353,1353,carpet
1354,1354,soft_tiles
1355,1355,concrete
1356,1356,soft_tiles
1357,1357,soft_pvc
1358,1358,soft_tiles
1359,1359,concrete
1360,1360,carpet
1361,1361,hard_tiles_large_space
1362,1362,hard_tiles_large_space
1363,1363,soft_pvc
1364,1364,concrete
1365,1365,tiled
1366,1366,carpet
1367,1367,soft_pvc
1368,1368,tiled
1369,1369,soft_pvc
1370,1370,soft_pvc
1371,1371,hard_tiles_large_space
1372,1372,wood
1373,1373,soft_tiles
1374,1374,soft_tiles
1375,1375,hard_tiles_large_space
1376,1376,concrete
1377,1377,hard_tiles_large_space
1378,1378,wood
1379,1379,concrete
1380,1380,fine_concrete
1381,1381,tiled
1382,1382,fine_concrete
1383,1383,hard_tiles_large_space
1384,1384,concrete
1385,1385,wood
1386,1386,hard_tiles_large_space
1387,1387,fine_concrete
1388,1388,fine_concrete
1389,1389,concrete
1390,1390,tiled
1391,1391,concrete
1392,1392,fine_concrete
1393,1393,fine_concrete
1394,1394,concrete
1395,1395,concrete
1396,1396,carpet
1397,1397,concrete
1398,1398,wood
1399,1399,wood
1400,1400,concrete
1401,1401,concrete
1402,1402,soft_pvc
1403,1403,fine_concrete
1404,1404,wood
1405,1405,hard_tiles_large_space
1406,1406,soft_pvc
1407,1407,soft_tiles
1408,1408,tiled
1409,1409,carpet
1410,1410,concrete
1411,1411,soft_pvc
1412,1412,concrete
1413,1413,concrete
1414,1414,soft_pvc
1415,1415,concrete
1416,1416,soft_pvc
1417,1417,soft_tiles
1418,1418,carpet
1419,1419,tiled
1420,1420,soft_pvc
1421,1421,wood
1422,1422,carpet
1423,1423,concrete
1424,1424,concrete
1425,1425,soft_pvc
1426,1426,soft_tiles
1427,1427,hard_tiles_large_space
1428,1428,soft_tiles
1429,1429,soft_tiles
1430,1430,wood
1431,1431,concrete
1432,1432,concrete
1433,1433,soft_pvc
1434,1434,fine_concrete
1435,1435,carpet
1436,1436,tiled
1437,1437,hard_tiles_large_space
1438,1438,wood
1439,1439,wood
1440,1440,soft_pvc
1441,1441,fine_concrete
1442,1442,fine_concrete
1443,1443,tiled
1444,1444,soft_pvc
1445,1445,wood
1446,1446,soft_tiles
1447,1447,hard_tiles_large_space
1448,1448,hard_tiles_large_space
1449,1449,concrete
1450,1450,concrete
1451,1451,hard_tiles
1452,1452,fine_concrete
1453,1453,concrete
1454,1454,wood
1455,1455,carpet
1456,1456,soft_pvc
1457,1457,fine_concrete
1458,1458,concrete
1459,1459,concrete
1460,1460,soft_tiles
1461,1461,soft_pvc
1462,1462,concrete
1463,1463,soft_tiles
1464,1464,hard_tiles_large_space
1465,1465,tiled
1466,1466,tiled
1467,1467,wood
1468,1468,soft_pvc
1469,1469,wood
1470,1470,wood
1471,1471,concrete
1472,1472,soft_pvc
1473,1473,concrete
1474,1474,hard_tiles_large_space
1475,1475,concrete
1476,1476,fine_concrete
1477,1477,fine_concrete
1478,1478,soft_pvc
1479,1479,concrete
1480,1480,concrete
1481,1481,fine_concrete
1482,1482,concrete
1483,1483,concrete
1484,1484,soft_pvc
1485,1485,concrete
1486,1486,soft_pvc
1487,1487,tiled
1488,1488,tiled
1489,1489,carpet
1490,1490,wood
1491,1491,concrete
1492,1492,soft_pvc
1493,1493,carpet
1494,1494,concrete
1495,1495,wood
1496,1496,wood
1497,1497,tiled
1498,1498,fine_concrete
1499,1499,concrete
1500,1500,soft_pvc
1501,1501,concrete
1502,1502,soft_pvc
1503,1503,concrete
1504,1504,fine_concrete
1505,1505,wood
1506,1506,wood
1507,1507,soft_pvc
1508,1508,carpet
1509,1509,wood
1510,1510,concrete
1511,1511,tiled
1512,1512,soft_pvc
1513,1513,wood
1514,1514,wood
1515,1515,concrete
1516,1516,carpet
1517,1517,soft_tiles
1518,1518,soft_pvc
1519,1519,carpet
1520,1520,hard_tiles
1521,1521,wood
1522,1522,wood
1523,1523,soft_pvc
1524,1524,fine_concrete
1525,1525,wood
1526,1526,concrete
1527,1527,hard_tiles_large_space
1528,1528,wood
1529,1529,concrete
1530,1530,carpet
1531,1531,soft_pvc
1532,1532,concrete
1533,1533,soft_tiles
1534,1534,concrete
1535,1535,wood
1536,1536,hard_tiles_large_space
1537,1537,soft_pvc
1538,1538,carpet
1539,1539,concrete
1540,1540,tiled
1541,1541,concrete
1542,1542,concrete
1543,1543,soft_pvc
1544,1544,soft_tiles
1545,1545,fine_concrete
1546,1546,tiled
1547,1547,wood
1548,1548,soft_tiles
1549,1549,tiled
1550,1550,wood
1551,1551,concrete
1552,1552,soft_tiles
1553,1553,fine_concrete
1554,1554,tiled
1555,1555,wood
1556,1556,carpet
1557,1557,fine_concrete
1558,1558,carpet
1559,1559,concrete
1560,1560,wood
1561,1561,soft_tiles
1562,1562,tiled
1563,1563,tiled
1564,1564,concrete
1565,1565,concrete
1566,1566,wood
1567,1567,concrete
1568,1568,hard_tiles_large_space
1569,1569,tiled
1570,1570,concrete
1571,1571,concrete
1572,1572,soft_tiles
1573,1573,concrete
1574,1574,concrete
1575,1575,soft_tiles
1576,1576,soft_tiles
1577,1577,hard_tiles_large_space
1578,1578,tiled
1579,1579,concrete
1580,1580,fine_concrete
1581,1581,fine_concrete
1582,1582,carpet
1583,1583,carpet
1584,1584,concrete
1585,1585,concrete
1586,1586,concrete
1587,1587,carpet
1588,1588,hard_tiles_large_space
1589,1589,concrete
1590,1590,wood
1591,1591,wood
1592,1592,fine_concrete
1593,1593,concrete
1594,1594,soft_pvc
1595,1595,concrete
1596,1596,tiled
1597,1597,soft_pvc
1598,1598,carpet
1599,1599,soft_tiles
1600,1600,wood
1601,1601,concrete
1602,1602,soft_tiles
1603,1603,soft_tiles
1604,1604,hard_tiles
1605,1605,soft_pvc
1606,1606,tiled
1607,1607,concrete
1608,1608,fine_concrete
1609,1609,wood
1610,1610,concrete
1611,1611,soft_pvc
1612,1612,concrete
1613,1613,soft_pvc
1614,1614,fine_concrete
1615,1615,soft_tiles
1616,1616,soft_pvc
1617,1617,fine_concrete
1618,1618,concrete
1619,1619,soft_pvc
1620,1620,soft_pvc
1621,1621,hard_tiles_large_space
1622,1622,tiled
1623,1623,soft_tiles
1624,1624,concrete
1625,1625,soft_pvc
1626,1626,soft_tiles
1627,1627,concrete
1628,1628,hard_tiles_large_space
1629,1629,soft_pvc
1630,1630,hard_tiles
1631,1631,soft_tiles
1632,1632,fine_concrete
1633,1633,soft_pvc
1634,1634,hard_tiles_large_space
1635,1635,carpet
1636,1636,wood
1637,1637,soft_pvc
1638,1638,hard_tiles_large_space
1639,1639,soft_pvc
1640,1640,wood
1641,1641,fine_concrete
1642,1642,soft_pvc
1643,1643,fine_concrete
1644,1644,fine_concrete
1645,1645,soft_pvc
1646,1646,soft_tiles
1647,1647,concrete
1648,1648,concrete
1649,1649,wood
1650,1650,soft_pvc
1651,1651,hard_tiles_large_space
1652,1652,hard_tiles_large_space
1653,1653,soft_pvc
1654,1654,soft_pvc
1655,1655,wood
1656,1656,fine_concrete
1657,1657,wood
1658,1658,soft_pvc
1659,1659,wood
1660,1660,concrete
1661,1661,soft_pvc
1662,1662,concrete
1663,1663,carpet
1664,1664,fine_concrete
1665,1665,soft_pvc
1666,1666,soft_pvc
1667,1667,concrete
1668,1668,hard_tiles_large_space
1669,1669,wood
1670,1670,hard_tiles_large_space
1671,1671,tiled
1672,1672,hard_tiles_large_space
1673,1673,soft_pvc
1674,1674,wood
1675,1675,soft_pvc
1676,1676,concrete
1677,1677,hard_tiles_large_space
1678,1678,carpet
1679,1679,concrete
1680,1680,concrete
1681,1681,hard_tiles_large_space
1682,1682,tiled
1683,1683,concrete
1684,1684,wood
1685,1685,tiled
1686,1686,concrete
1687,1687,concrete
1688,1688,fine_concrete
1689,1689,concrete
1690,1690,hard_tiles_large_space
1691,1691,soft_tiles
1692,1692,soft_pvc
1693,1693,tiled
1694,1694,wood
1695,1695,concrete
1696,1696,wood
1697,1697,soft_pvc
1698,1698,hard_tiles_large_space
1699,1699,concrete
1700,1700,concrete
1701,1701,carpet
1702,1702,soft_pvc
1703,1703,tiled
1704,1704,soft_tiles
1705,1705,concrete
1706,1706,soft_pvc
1707,1707,fine_concrete
1708,1708,concrete
1709,1709,hard_tiles_large_space
1710,1710,concrete
1711,1711,soft_pvc
1712,1712,concrete
1713,1713,hard_tiles_large_space
1714,1714,soft_pvc
1715,1715,carpet
1716,1716,soft_pvc
1717,1717,wood
1718,1718,wood
1719,1719,concrete
1720,1720,concrete
1721,1721,hard_tiles_large_space
1722,1722,fine_concrete
1723,1723,wood
1724,1724,hard_tiles_large_space
1725,1725,soft_tiles
1726,1726,tiled
1727,1727,tiled
1728,1728,soft_pvc
1729,1729,concrete
1730,1730,tiled
1731,1731,fine_concrete
1732,1732,tiled
1733,1733,tiled
1734,1734,fine_concrete
1735,1735,concrete
1736,1736,carpet
1737,1737,wood
1738,1738,concrete
1739,1739,concrete
1740,1740,fine_concrete
1741,1741,concrete
1742,1742,concrete
1743,1743,wood
1744,1744,tiled
1745,1745,concrete
1746,1746,wood
1747,1747,soft_tiles
1748,1748,hard_tiles_large_space
1749,1749,wood
1750,1750,soft_pvc
1751,1751,soft_pvc
1752,1752,hard_tiles_large_space
1753,1753,hard_tiles_large_space
1754,1754,carpet
1755,1755,concrete
1756,1756,concrete
1757,1757,soft_pvc
1758,1758,tiled
1759,1759,wood
1760,1760,carpet
1761,1761,soft_pvc
1762,1762,concrete
1763,1763,soft_pvc
1764,1764,tiled
1765,1765,concrete
1766,1766,hard_tiles_large_space
1767,1767,concrete
1768,1768,soft_pvc
1769,1769,concrete
1770,1770,soft_pvc
1771,1771,wood
1772,1772,soft_pvc
1773,1773,concrete
1774,1774,soft_tiles
1775,1775,soft_pvc
1776,1776,fine_concrete
1777,1777,concrete
1778,1778,carpet
1779,1779,soft_pvc
1780,1780,carpet
1781,1781,concrete
1782,1782,wood
1783,1783,soft_tiles
1784,1784,concrete
1785,1785,soft_pvc
1786,1786,soft_tiles
1787,1787,fine_concrete
1788,1788,tiled
1789,1789,soft_tiles
1790,1790,concrete
1791,1791,fine_concrete
1792,1792,fine_concrete
1793,1793,soft_pvc
1794,1794,concrete
1795,1795,hard_tiles_large_space
1796,1796,concrete
1797,1797,concrete
1798,1798,concrete
1799,1799,carpet
1800,1800,concrete
1801,1801,fine_concrete
1802,1802,soft_pvc
1803,1803,wood
1804,1804,concrete
1805,1805,soft_tiles
1806,1806,concrete
1807,1807,concrete
1808,1808,soft_tiles
1809,1809,concrete
1810,1810,soft_pvc
1811,1811,soft_tiles
1812,1812,concrete
1813,1813,concrete
1814,1814,concrete
1815,1815,wood
1816,1816,concrete
1817,1817,soft_pvc
1818,1818,soft_pvc
1819,1819,fine_concrete
1820,1820,concrete
1821,1821,soft_pvc
1822,1822,soft_tiles
1823,1823,soft_pvc
1824,1824,wood
1825,1825,soft_pvc
1826,1826,wood
1827,1827,concrete
1828,1828,soft_pvc
1829,1829,concrete
1830,1830,tiled
1831,1831,wood
1832,1832,wood
1833,1833,fine_concrete
1834,1834,concrete
1835,1835,tiled
1836,1836,concrete
1837,1837,soft_pvc
1838,1838,soft_tiles
1839,1839,concrete
1840,1840,wood
1841,1841,soft_pvc
1842,1842,soft_pvc
1843,1843,concrete
1844,1844,concrete
1845,1845,soft_tiles
1846,1846,tiled
1847,1847,wood
1848,1848,fine_concrete
1849,1849,soft_pvc
1850,1850,tiled
1851,1851,concrete
1852,1852,soft_pvc
1853,1853,concrete
1854,1854,soft_tiles
1855,1855,concrete
1856,1856,soft_pvc
1857,1857,soft_tiles
1858,1858,concrete
1859,1859,concrete
1860,1860,concrete
1861,1861,concrete
1862,1862,tiled
1863,1863,concrete
1864,1864,fine_concrete
1865,1865,concrete
1866,1866,carpet
1867,1867,soft_pvc
1868,1868,fine_concrete
1869,1869,tiled
1870,1870,wood
1871,1871,soft_pvc
1872,1872,concrete
1873,1873,tiled
1874,1874,fine_concrete
1875,1875,concrete
1876,1876,concrete
1877,1877,soft_pvc
1878,1878,soft_tiles
1879,1879,wood
1880,1880,concrete
1881,1881,tiled
1882,1882,concrete
1883,1883,soft_pvc
1884,1884,fine_concrete
1885,1885,tiled
1886,1886,concrete
1887,1887,hard_tiles_large_space
1888,1888,soft_pvc
1889,1889,concrete
1890,1890,wood
1891,1891,fine_concrete
1892,1892,tiled
1893,1893,soft_pvc
1894,1894,fine_concrete
1895,1895,concrete
1896,1896,concrete
1897,1897,wood
1898,1898,concrete
1899,1899,soft_tiles
1900,1900,soft_pvc
1901,1901,carpet
1902,1902,carpet
1903,1903,hard_tiles_large_space
1904,1904,tiled
1905,1905,fine_concrete
1906,1906,fine_concrete
1907,1907,concrete
1908,1908,tiled
1909,1909,soft_tiles
1910,1910,wood
1911,1911,hard_tiles_large_space
1912,1912,hard_tiles_large_space
1913,1913,soft_pvc
1914,1914,concrete
1915,1915,soft_pvc
1916,1916,carpet
1917,1917,wood
1918,1918,concrete
1919,1919,soft_pvc
1920,1920,concrete
1921,1921,concrete
1922,1922,carpet
1923,1923,concrete
1924,1924,fine_concrete
1925,1925,concrete
1926,1926,fine_concrete
1927,1927,tiled
1928,1928,tiled
1929,1929,soft_pvc
1930,1930,concrete
1931,1931,concrete
1932,1932,carpet
1933,1933,tiled
1934,1934,wood
1935,1935,carpet
1936,1936,wood
1937,1937,soft_pvc
1938,1938,tiled
1939,1939,soft_tiles
1940,1940,concrete
1941,1941,soft_tiles
1942,1942,concrete
1943,1943,wood
1944,1944,hard_tiles_large_space
1945,1945,carpet
1946,1946,soft_tiles
1947,1947,concrete
1948,1948,concrete
1949,1949,wood
1950,1950,soft_pvc
1951,1951,wood
1952,1952,concrete
1953,1953,fine_concrete
1954,1954,soft_pvc
1955,1955,soft_pvc
1956,1956,concrete
1957,1957,concrete
1958,1958,hard_tiles_large_space
1959,1959,hard_tiles_large_space
1960,1960,concrete
1961,1961,soft_pvc
1962,1962,concrete
1963,1963,wood
1964,1964,concrete
1965,1965,concrete
1966,1966,hard_tiles_large_space
1967,1967,fine_concrete
1968,1968,wood
1969,1969,wood
1970,1970,hard_tiles_large_space
1971,1971,soft_pvc
1972,1972,concrete
1973,1973,hard_tiles_large_space
1974,1974,tiled
1975,1975,soft_tiles
1976,1976,soft_pvc
1977,1977,hard_tiles_large_space
1978,1978,tiled
1979,1979,concrete
1980,1980,fine_concrete
1981,1981,concrete
1982,1982,soft_pvc
1983,1983,tiled
1984,1984,concrete
1985,1985,carpet
1986,1986,soft_pvc
1987,1987,wood
1988,1988,soft_pvc
1989,1989,tiled
1990,1990,wood
1991,1991,carpet
1992,1992,fine_concrete
1993,1993,concrete
1994,1994,hard_tiles_large_space
1995,1995,soft_pvc
1996,1996,concrete
1997,1997,concrete
1998,1998,carpet
1999,1999,concrete
2000,2000,soft_pvc
2001,2001,fine_concrete
2002,2002,carpet
2003,2003,soft_tiles
2004,2004,carpet
2005,2005,concrete
2006,2006,soft_pvc
2007,2007,concrete
2008,2008,soft_pvc
2009,2009,soft_pvc
2010,2010,wood
2011,2011,tiled
2012,2012,soft_pvc
2013,2013,carpet
2014,2014,soft_pvc
2015,2015,concrete
2016,2016,wood
2017,2017,soft_tiles
2018,2018,soft_tiles
2019,2019,concrete
2020,2020,soft_pvc
2021,2021,fine_concrete
2022,2022,fine_concrete
2023,2023,fine_concrete
2024,2024,soft_tiles
2025,2025,carpet
2026,2026,tiled
2027,2027,hard_tiles_large_space
2028,2028,fine_concrete
2029,2029,soft_pvc
2030,2030,tiled
2031,2031,soft_pvc
2032,2032,wood
2033,2033,concrete
2034,2034,carpet
2035,2035,wood
2036,2036,concrete
2037,2037,soft_pvc
2038,2038,wood
2039,2039,tiled
2040,2040,concrete
2041,2041,carpet
2042,2042,carpet
2043,2043,concrete
2044,2044,concrete
2045,2045,tiled
2046,2046,soft_pvc
2047,2047,tiled
2048,2048,wood
2049,2049,concrete
2050,2050,tiled
2051,2051,soft_pvc
2052,2052,concrete
2053,2053,soft_tiles
2054,2054,hard_tiles_large_space
2055,2055,wood
2056,2056,soft_pvc
2057,2057,carpet
2058,2058,concrete
2059,2059,concrete
2060,2060,concrete
2061,2061,wood
2062,2062,concrete
2063,2063,soft_pvc
2064,2064,soft_tiles
2065,2065,soft_pvc
2066,2066,concrete
2067,2067,soft_pvc
2068,2068,carpet
2069,2069,concrete
2070,2070,concrete
2071,2071,wood
2072,2072,concrete
2073,2073,fine_concrete
2074,2074,carpet
2075,2075,concrete
2076,2076,concrete
2077,2077,concrete
2078,2078,carpet
2079,2079,concrete
2080,2080,tiled
2081,2081,soft_tiles
2082,2082,wood
2083,2083,concrete
2084,2084,concrete
2085,2085,concrete
2086,2086,soft_tiles
2087,2087,wood
2088,2088,fine_concrete
2089,2089,wood
2090,2090,concrete
2091,2091,wood
2092,2092,concrete
2093,2093,soft_pvc
2094,2094,wood
2095,2095,soft_tiles
2096,2096,soft_tiles
2097,2097,soft_pvc
2098,2098,wood
2099,2099,hard_tiles_large_space
2100,2100,concrete
2101,2101,concrete
2102,2102,concrete
2103,2103,fine_concrete
2104,2104,soft_pvc
2105,2105,soft_pvc
2106,2106,soft_pvc
2107,2107,hard_tiles_large_space
2108,2108,concrete
2109,2109,concrete
2110,2110,tiled
2111,2111,soft_pvc
2112,2112,concrete
2113,2113,soft_tiles
2114,2114,soft_tiles
2115,2115,concrete
2116,2116,tiled
2117,2117,concrete
2118,2118,concrete
2119,2119,fine_concrete
2120,2120,tiled
2121,2121,wood
2122,2122,soft_tiles
2123,2123,soft_pvc
2124,2124,soft_pvc
2125,2125,soft_tiles
2126,2126,concrete
2127,2127,concrete
2128,2128,concrete
2129,2129,tiled
2130,2130,wood
2131,2131,carpet
2132,2132,concrete
2133,2133,hard_tiles_large_space
2134,2134,fine_concrete
2135,2135,soft_pvc
2136,2136,hard_tiles_large_space
2137,2137,soft_tiles
2138,2138,concrete
2139,2139,tiled
2140,2140,concrete
2141,2141,soft_pvc
2142,2142,soft_pvc
2143,2143,fine_concrete
2144,2144,soft_tiles
2145,2145,soft_pvc
2146,2146,fine_concrete
2147,2147,carpet
2148,2148,concrete
2149,2149,wood
2150,2150,wood
2151,2151,fine_concrete
2152,2152,carpet
2153,2153,wood
2154,2154,wood
2155,2155,soft_tiles
2156,2156,wood
2157,2157,wood
2158,2158,soft_tiles
2159,2159,concrete
2160,2160,carpet
2161,2161,concrete
2162,2162,concrete
2163,2163,hard_tiles_large_space
2164,2164,soft_pvc
2165,2165,tiled
2166,2166,soft_pvc
2167,2167,concrete
2168,2168,soft_tiles
2169,2169,tiled
2170,2170,soft_tiles
2171,2171,wood
2172,2172,soft_pvc
2173,2173,soft_tiles
2174,2174,carpet
2175,2175,carpet
2176,2176,concrete
2177,2177,hard_tiles_large_space
2178,2178,fine_concrete
2179,2179,tiled
2180,2180,concrete
2181,2181,tiled
2182,2182,concrete
2183,2183,wood
2184,2184,concrete
2185,2185,tiled
2186,2186,wood
2187,2187,wood
2188,2188,soft_tiles
2189,2189,soft_pvc
2190,2190,tiled
2191,2191,hard_tiles_large_space
2192,2192,wood
2193,2193,wood
2194,2194,soft_tiles
2195,2195,tiled
2196,2196,soft_pvc
2197,2197,soft_pvc
2198,2198,soft_tiles
2199,2199,hard_tiles_large_space
2200,2200,soft_tiles
2201,2201,hard_tiles
2202,2202,concrete
2203,2203,concrete
2204,2204,carpet
2205,2205,concrete
2206,2206,wood
2207,2207,wood
2208,2208,wood
2209,2209,fine_concrete
2210,2210,concrete
2211,2211,soft_pvc
2212,2212,concrete
2213,2213,carpet
2214,2214,fine_concrete
2215,2215,hard_tiles_large_space
2216,2216,concrete
2217,2217,soft_tiles
2218,2218,wood
2219,2219,hard_tiles_large_space
2220,2220,carpet
2221,2221,wood
2222,2222,tiled
2223,2223,wood
2224,2224,carpet
2225,2225,concrete
2226,2226,soft_pvc
2227,2227,wood
2228,2228,hard_tiles_large_space
2229,2229,soft_pvc
2230,2230,concrete
2231,2231,soft_pvc
2232,2232,soft_pvc
2233,2233,soft_pvc
2234,2234,concrete
2235,2235,concrete
2236,2236,fine_concrete
2237,2237,wood
2238,2238,wood
2239,2239,soft_pvc
2240,2240,wood
2241,2241,carpet
2242,2242,concrete
2243,2243,concrete
2244,2244,soft_tiles
2245,2245,soft_pvc
2246,2246,fine_concrete
2247,2247,fine_concrete
2248,2248,tiled
2249,2249,concrete
2250,2250,soft_tiles
2251,2251,wood
2252,2252,soft_pvc
2253,2253,concrete
2254,2254,fine_concrete
2255,2255,soft_pvc
2256,2256,tiled
2257,2257,tiled
2258,2258,soft_tiles
2259,2259,soft_pvc
2260,2260,soft_pvc
2261,2261,fine_concrete
2262,2262,wood
2263,2263,concrete
2264,2264,wood
2265,2265,hard_tiles_large_space
2266,2266,soft_pvc
2267,2267,concrete
2268,2268,soft_tiles
2269,2269,wood
2270,2270,concrete
2271,2271,fine_concrete
2272,2272,carpet
2273,2273,hard_tiles_large_space
2274,2274,concrete
2275,2275,wood
2276,2276,tiled
2277,2277,tiled
2278,2278,concrete
2279,2279,soft_pvc
2280,2280,tiled
2281,2281,soft_pvc
2282,2282,fine_concrete
2283,2283,tiled
2284,2284,carpet
2285,2285,concrete
2286,2286,carpet
2287,2287,hard_tiles_large_space
2288,2288,concrete
2289,2289,concrete
2290,2290,concrete
2291,2291,fine_concrete
2292,2292,fine_concrete
2293,2293,hard_tiles_large_space
2294,2294,wood
2295,2295,concrete
2296,2296,wood
2297,2297,soft_tiles
2298,2298,concrete
2299,2299,soft_pvc
2300,2300,concrete
2301,2301,fine_concrete
2302,2302,fine_concrete
2303,2303,soft_pvc
2304,2304,soft_pvc
2305,2305,concrete
2306,2306,soft_pvc
2307,2307,soft_pvc
2308,2308,fine_concrete
2309,2309,fine_concrete
2310,2310,soft_pvc
2311,2311,concrete
2312,2312,soft_pvc
2313,2313,wood
2314,2314,fine_concrete
2315,2315,wood
2316,2316,wood
2317,2317,carpet
2318,2318,hard_tiles_large_space
2319,2319,fine_concrete
2320,2320,soft_pvc
2321,2321,soft_tiles
2322,2322,wood
2323,2323,fine_concrete
2324,2324,fine_concrete
2325,2325,tiled
2326,2326,hard_tiles_large_space
2327,2327,soft_pvc
2328,2328,soft_tiles
2329,2329,wood
2330,2330,fine_concrete
2331,2331,soft_pvc
2332,2332,soft_pvc
2333,2333,soft_pvc
2334,2334,concrete
2335,2335,wood
2336,2336,concrete
2337,2337,fine_concrete
2338,2338,soft_pvc
2339,2339,soft_pvc
2340,2340,concrete
2341,2341,hard_tiles_large_space
2342,2342,carpet
2343,2343,soft_tiles
2344,2344,fine_concrete
2345,2345,concrete
2346,2346,concrete
2347,2347,fine_concrete
2348,2348,concrete
2349,2349,tiled
2350,2350,soft_tiles
2351,2351,concrete
2352,2352,soft_tiles
2353,2353,wood
2354,2354,carpet
2355,2355,soft_tiles
2356,2356,soft_pvc
2357,2357,soft_pvc
2358,2358,fine_concrete
2359,2359,wood
2360,2360,concrete
2361,2361,wood
2362,2362,concrete
2363,2363,concrete
2364,2364,wood
2365,2365,soft_pvc
2366,2366,soft_pvc
2367,2367,carpet
2368,2368,wood
2369,2369,wood
2370,2370,soft_tiles
2371,2371,soft_pvc
2372,2372,wood
2373,2373,concrete
2374,2374,concrete
2375,2375,soft_pvc
2376,2376,fine_concrete
2377,2377,concrete
2378,2378,wood
2379,2379,concrete
2380,2380,tiled
2381,2381,soft_tiles
2382,2382,tiled
2383,2383,soft_pvc
2384,2384,carpet
2385,2385,carpet
2386,2386,tiled
2387,2387,carpet
2388,2388,concrete
2389,2389,soft_pvc
2390,2390,soft_pvc
2391,2391,concrete
2392,2392,soft_pvc
2393,2393,carpet
2394,2394,soft_pvc
2395,2395,concrete
2396,2396,carpet
2397,2397,concrete
2398,2398,fine_concrete
2399,2399,soft_pvc
2400,2400,carpet
2401,2401,concrete
2402,2402,tiled
2403,2403,wood
2404,2404,hard_tiles_large_space
2405,2405,tiled
2406,2406,fine_concrete
2407,2407,concrete
2408,2408,concrete
2409,2409,carpet
2410,2410,soft_pvc
2411,2411,fine_concrete
2412,2412,tiled
2413,2413,concrete
2414,2414,wood
2415,2415,carpet
2416,2416,wood
2417,2417,tiled
2418,2418,soft_pvc
2419,2419,concrete
2420,2420,carpet
2421,2421,soft_pvc
2422,2422,tiled
2423,2423,carpet
2424,2424,wood
2425,2425,fine_concrete
2426,2426,wood
2427,2427,tiled
2428,2428,concrete
2429,2429,wood
2430,2430,concrete
2431,2431,hard_tiles_large_space
2432,2432,hard_tiles_large_space
2433,2433,soft_pvc
2434,2434,fine_concrete
2435,2435,concrete
2436,2436,carpet
2437,2437,soft_tiles
2438,2438,wood
2439,2439,soft_pvc
2440,2440,carpet
2441,2441,soft_pvc
2442,2442,hard_tiles_large_space
2443,2443,soft_pvc
2444,2444,soft_tiles
2445,2445,soft_pvc
2446,2446,concrete
2447,2447,soft_tiles
2448,2448,hard_tiles_large_space
2449,2449,wood
2450,2450,concrete
2451,2451,concrete
2452,2452,soft_pvc
2453,2453,fine_concrete
2454,2454,concrete
2455,2455,carpet
2456,2456,carpet
2457,2457,concrete
2458,2458,soft_tiles
2459,2459,concrete
2460,2460,wood
2461,2461,wood
2462,2462,soft_tiles
2463,2463,concrete
2464,2464,wood
2465,2465,carpet
2466,2466,carpet
2467,2467,soft_pvc
2468,2468,concrete
2469,2469,soft_pvc
2470,2470,wood
2471,2471,hard_tiles_large_space
2472,2472,soft_pvc
2473,2473,hard_tiles_large_space
2474,2474,soft_pvc
2475,2475,soft_pvc
2476,2476,soft_tiles
2477,2477,concrete
2478,2478,concrete
2479,2479,soft_pvc
2480,2480,concrete
2481,2481,soft_tiles
2482,2482,soft_tiles
2483,2483,wood
2484,2484,carpet
2485,2485,hard_tiles_large_space
2486,2486,fine_concrete
2487,2487,soft_pvc
2488,2488,concrete
2489,2489,concrete
2490,2490,concrete
2491,2491,concrete
2492,2492,soft_pvc
2493,2493,concrete
2494,2494,concrete
2495,2495,concrete
2496,2496,soft_tiles
2497,2497,soft_pvc
2498,2498,wood
2499,2499,carpet
2500,2500,carpet
2501,2501,fine_concrete
2502,2502,soft_tiles
2503,2503,wood
2504,2504,soft_pvc
2505,2505,wood
2506,2506,concrete
2507,2507,concrete
2508,2508,concrete
2509,2509,concrete
2510,2510,wood
2511,2511,concrete
2512,2512,concrete
2513,2513,wood
2514,2514,concrete
2515,2515,fine_concrete
2516,2516,fine_concrete
2517,2517,carpet
2518,2518,fine_concrete
2519,2519,fine_concrete
2520,2520,soft_tiles
2521,2521,concrete
2522,2522,soft_pvc
2523,2523,wood
2524,2524,soft_pvc
2525,2525,carpet
2526,2526,soft_pvc
2527,2527,hard_tiles_large_space
2528,2528,carpet
2529,2529,soft_tiles
2530,2530,wood
2531,2531,soft_tiles
2532,2532,fine_concrete
2533,2533,hard_tiles_large_space
2534,2534,fine_concrete
2535,2535,concrete
2536,2536,wood
2537,2537,soft_tiles
2538,2538,soft_tiles
2539,2539,soft_pvc
2540,2540,hard_tiles_large_space
2541,2541,concrete
2542,2542,wood
2543,2543,hard_tiles_large_space
2544,2544,tiled
2545,2545,concrete
2546,2546,wood
2547,2547,concrete
2548,2548,wood
2549,2549,tiled
2550,2550,carpet
2551,2551,soft_tiles
2552,2552,wood
2553,2553,soft_pvc
2554,2554,tiled
2555,2555,soft_tiles
2556,2556,tiled
2557,2557,concrete
2558,2558,wood
2559,2559,soft_pvc
2560,2560,hard_tiles_large_space
2561,2561,soft_tiles
2562,2562,concrete
2563,2563,concrete
2564,2564,tiled
2565,2565,soft_pvc
2566,2566,concrete
2567,2567,carpet
2568,2568,concrete
2569,2569,concrete
2570,2570,concrete
2571,2571,soft_pvc
2572,2572,soft_pvc
2573,2573,fine_concrete
2574,2574,wood
2575,2575,wood
2576,2576,soft_tiles
2577,2577,wood
2578,2578,wood
2579,2579,soft_pvc
2580,2580,fine_concrete
2581,2581,concrete
2582,2582,wood
2583,2583,concrete
2584,2584,soft_pvc
2585,2585,fine_concrete
2586,2586,hard_tiles_large_space
2587,2587,concrete
2588,2588,concrete
2589,2589,soft_pvc
2590,2590,soft_tiles
2591,2591,concrete
2592,2592,soft_pvc
2593,2593,tiled
2594,2594,tiled
2595,2595,soft_tiles
2596,2596,fine_concrete
2597,2597,wood
2598,2598,soft_pvc
2599,2599,soft_tiles
2600,2600,soft_pvc
2601,2601,concrete
2602,2602,wood
2603,2603,concrete
2604,2604,carpet
2605,2605,concrete
2606,2606,soft_pvc
2607,2607,concrete
2608,2608,concrete
2609,2609,hard_tiles_large_space
2610,2610,concrete
2611,2611,wood
2612,2612,soft_pvc
2613,2613,concrete
2614,2614,soft_pvc
2615,2615,wood
2616,2616,soft_pvc
2617,2617,wood
2618,2618,soft_pvc
2619,2619,carpet
2620,2620,wood
2621,2621,wood
2622,2622,soft_pvc
2623,2623,hard_tiles_large_space
2624,2624,wood
2625,2625,soft_pvc
2626,2626,soft_pvc
2627,2627,carpet
2628,2628,soft_pvc
2629,2629,wood
2630,2630,concrete
2631,2631,tiled
2632,2632,hard_tiles_large_space
2633,2633,wood
2634,2634,concrete
2635,2635,concrete
2636,2636,wood
2637,2637,concrete
2638,2638,concrete
2639,2639,wood
2640,2640,hard_tiles_large_space
2641,2641,fine_concrete
2642,2642,concrete
2643,2643,concrete
2644,2644,fine_concrete
2645,2645,wood
2646,2646,soft_pvc
2647,2647,hard_tiles
2648,2648,concrete
2649,2649,soft_pvc
2650,2650,tiled
2651,2651,soft_pvc
2652,2652,carpet
2653,2653,fine_concrete
2654,2654,tiled
2655,2655,tiled
2656,2656,concrete
2657,2657,soft_pvc
2658,2658,hard_tiles_large_space
2659,2659,soft_tiles
2660,2660,soft_pvc
2661,2661,soft_tiles
2662,2662,tiled
2663,2663,soft_pvc
2664,2664,soft_pvc
2665,2665,concrete
2666,2666,soft_pvc
2667,2667,wood
2668,2668,concrete
2669,2669,soft_pvc
2670,2670,concrete
2671,2671,concrete
2672,2672,concrete
2673,2673,soft_pvc
2674,2674,wood
2675,2675,concrete
2676,2676,wood
2677,2677,wood
2678,2678,hard_tiles_large_space
2679,2679,soft_pvc
2680,2680,soft_pvc
2681,2681,carpet
2682,2682,soft_pvc
2683,2683,concrete
2684,2684,concrete
2685,2685,concrete
2686,2686,soft_pvc
2687,2687,tiled
2688,2688,soft_pvc
2689,2689,wood
2690,2690,concrete
2691,2691,concrete
2692,2692,soft_pvc
2693,2693,soft_pvc
2694,2694,soft_tiles
2695,2695,tiled
2696,2696,tiled
2697,2697,hard_tiles_large_space
2698,2698,fine_concrete
2699,2699,wood
2700,2700,tiled
2701,2701,concrete
2702,2702,carpet
2703,2703,soft_tiles
2704,2704,hard_tiles_large_space
2705,2705,concrete
2706,2706,concrete
2707,2707,wood
2708,2708,hard_tiles_large_space
2709,2709,soft_pvc
2710,2710,soft_pvc
2711,2711,concrete
2712,2712,wood
2713,2713,wood
2714,2714,concrete
2715,2715,soft_pvc
2716,2716,fine_concrete
2717,2717,concrete
2718,2718,tiled
2719,2719,carpet
2720,2720,concrete
2721,2721,tiled
2722,2722,wood
2723,2723,carpet
2724,2724,concrete
2725,2725,concrete
2726,2726,concrete
2727,2727,tiled
2728,2728,wood
2729,2729,tiled
2730,2730,wood
2731,2731,wood
2732,2732,carpet
2733,2733,fine_concrete
2734,2734,concrete
2735,2735,concrete
2736,2736,soft_tiles
2737,2737,concrete
2738,2738,soft_pvc
2739,2739,soft_pvc
2740,2740,concrete
2741,2741,wood
2742,2742,concrete
2743,2743,concrete
2744,2744,concrete
2745,2745,wood
2746,2746,hard_tiles_large_space
2747,2747,concrete
2748,2748,soft_pvc
2749,2749,soft_pvc
2750,2750,carpet
2751,2751,fine_concrete
2752,2752,concrete
2753,2753,wood
2754,2754,concrete
2755,2755,soft_tiles
2756,2756,tiled
2757,2757,soft_pvc
2758,2758,fine_concrete
2759,2759,soft_pvc
2760,2760,concrete
2761,2761,soft_pvc
2762,2762,fine_concrete
2763,2763,hard_tiles_large_space
2764,2764,soft_tiles
2765,2765,concrete
2766,2766,concrete
2767,2767,soft_pvc
2768,2768,hard_tiles_large_space
2769,2769,concrete
2770,2770,hard_tiles_large_space
2771,2771,hard_tiles_large_space
2772,2772,soft_pvc
2773,2773,soft_pvc
2774,2774,tiled
2775,2775,carpet
2776,2776,soft_tiles
2777,2777,wood
2778,2778,concrete
2779,2779,fine_concrete
2780,2780,concrete
2781,2781,fine_concrete
2782,2782,fine_concrete
2783,2783,concrete
2784,2784,fine_concrete
2785,2785,tiled
2786,2786,fine_concrete
2787,2787,fine_concrete
2788,2788,hard_tiles_large_space
2789,2789,soft_pvc
2790,2790,hard_tiles_large_space
2791,2791,wood
2792,2792,soft_tiles
2793,2793,concrete
2794,2794,soft_tiles
2795,2795,concrete
2796,2796,carpet
2797,2797,soft_pvc
2798,2798,soft_pvc
2799,2799,hard_tiles_large_space
2800,2800,concrete
2801,2801,concrete
2802,2802,soft_tiles
2803,2803,soft_pvc
2804,2804,concrete
2805,2805,concrete
2806,2806,concrete
2807,2807,concrete
2808,2808,carpet
2809,2809,soft_pvc
2810,2810,wood
2811,2811,concrete
2812,2812,concrete
2813,2813,soft_pvc
2814,2814,concrete
2815,2815,fine_concrete
2816,2816,carpet
2817,2817,concrete
2818,2818,fine_concrete
2819,2819,fine_concrete
2820,2820,wood
2821,2821,concrete
2822,2822,soft_pvc
2823,2823,concrete
2824,2824,concrete
2825,2825,wood
2826,2826,soft_pvc
2827,2827,soft_tiles
2828,2828,soft_tiles
2829,2829,tiled
2830,2830,concrete
2831,2831,tiled
2832,2832,soft_pvc
2833,2833,concrete
2834,2834,tiled
2835,2835,soft_pvc
2836,2836,soft_pvc
2837,2837,soft_pvc
2838,2838,carpet
2839,2839,soft_pvc
2840,2840,wood
2841,2841,soft_pvc
2842,2842,carpet
2843,2843,carpet
2844,2844,soft_pvc
2845,2845,fine_concrete
2846,2846,wood
2847,2847,concrete
2848,2848,concrete
2849,2849,hard_tiles_large_space
2850,2850,wood
2851,2851,carpet
2852,2852,soft_pvc
2853,2853,wood
2854,2854,carpet
2855,2855,soft_pvc
2856,2856,concrete
2857,2857,fine_concrete
2858,2858,concrete
2859,2859,soft_pvc
2860,2860,concrete
2861,2861,wood
2862,2862,hard_tiles_large_space
2863,2863,concrete
2864,2864,carpet
2865,2865,concrete
2866,2866,soft_tiles
2867,2867,tiled
2868,2868,soft_pvc
2869,2869,wood
2870,2870,soft_pvc
2871,2871,concrete
2872,2872,concrete
2873,2873,concrete
2874,2874,wood
2875,2875,tiled
2876,2876,soft_pvc
2877,2877,concrete
2878,2878,concrete
2879,2879,soft_tiles
2880,2880,carpet
2881,2881,fine_concrete
2882,2882,concrete
2883,2883,fine_concrete
2884,2884,concrete
2885,2885,wood
2886,2886,fine_concrete
2887,2887,soft_pvc
2888,2888,tiled
2889,2889,concrete
2890,2890,soft_tiles
2891,2891,soft_pvc
2892,2892,wood
2893,2893,hard_tiles_large_space
2894,2894,soft_pvc
2895,2895,concrete
2896,2896,concrete
2897,2897,soft_tiles
2898,2898,soft_pvc
2899,2899,concrete
2900,2900,soft_pvc
2901,2901,soft_tiles
2902,2902,concrete
2903,2903,concrete
2904,2904,wood
2905,2905,soft_pvc
2906,2906,tiled
2907,2907,carpet
2908,2908,soft_pvc
2909,2909,soft_pvc
2910,2910,carpet
2911,2911,tiled
2912,2912,tiled
2913,2913,wood
2914,2914,tiled
2915,2915,concrete
2916,2916,concrete
2917,2917,concrete
2918,2918,concrete
2919,2919,fine_concrete
2920,2920,soft_pvc
2921,2921,soft_tiles
2922,2922,concrete
2923,2923,soft_pvc
2924,2924,soft_pvc
2925,2925,concrete
2926,2926,soft_pvc
2927,2927,soft_tiles
2928,2928,soft_pvc
2929,2929,soft_pvc
2930,2930,concrete
2931,2931,soft_pvc
2932,2932,tiled
2933,2933,soft_pvc
2934,2934,wood
2935,2935,hard_tiles_large_space
2936,2936,concrete
2937,2937,wood
2938,2938,carpet
2939,2939,tiled
2940,2940,tiled
2941,2941,hard_tiles_large_space
2942,2942,hard_tiles_large_space
2943,2943,concrete
2944,2944,wood
2945,2945,soft_pvc
2946,2946,soft_pvc
2947,2947,fine_concrete
2948,2948,concrete
2949,2949,concrete
2950,2950,soft_pvc
2951,2951,carpet
2952,2952,soft_tiles
2953,2953,hard_tiles_large_space
2954,2954,hard_tiles_large_space
2955,2955,soft_tiles
2956,2956,concrete
2957,2957,concrete
2958,2958,fine_concrete
2959,2959,soft_pvc
2960,2960,tiled
2961,2961,hard_tiles_large_space
2962,2962,concrete
2963,2963,soft_pvc
2964,2964,wood
2965,2965,hard_tiles
2966,2966,wood
2967,2967,wood
2968,2968,tiled
2969,2969,hard_tiles_large_space
2970,2970,carpet
2971,2971,wood
2972,2972,soft_tiles
2973,2973,concrete
2974,2974,wood
2975,2975,wood
2976,2976,carpet
2977,2977,tiled
2978,2978,concrete
2979,2979,concrete
2980,2980,soft_pvc
2981,2981,concrete
2982,2982,concrete
2983,2983,fine_concrete
2984,2984,soft_pvc
2985,2985,fine_concrete
2986,2986,concrete
2987,2987,wood
2988,2988,concrete
2989,2989,soft_pvc
2990,2990,soft_pvc
2991,2991,concrete
2992,2992,soft_tiles
2993,2993,wood
2994,2994,soft_pvc
2995,2995,fine_concrete
2996,2996,tiled
2997,2997,concrete
2998,2998,concrete
2999,2999,soft_pvc
3000,3000,wood
3001,3001,soft_pvc
3002,3002,fine_concrete
3003,3003,tiled
3004,3004,carpet
3005,3005,fine_concrete
3006,3006,fine_concrete
3007,3007,soft_pvc
3008,3008,soft_tiles
3009,3009,soft_pvc
3010,3010,soft_pvc
3011,3011,soft_pvc
3012,3012,carpet
3013,3013,soft_pvc
3014,3014,concrete
3015,3015,soft_pvc
3016,3016,soft_tiles
3017,3017,tiled
3018,3018,concrete
3019,3019,wood
3020,3020,wood
3021,3021,soft_pvc
3022,3022,tiled
3023,3023,soft_tiles
3024,3024,soft_pvc
3025,3025,concrete
3026,3026,soft_tiles
3027,3027,fine_concrete
3028,3028,soft_pvc
3029,3029,soft_pvc
3030,3030,hard_tiles_large_space
3031,3031,concrete
3032,3032,concrete
3033,3033,hard_tiles_large_space
3034,3034,hard_tiles_large_space
3035,3035,fine_concrete
3036,3036,carpet
3037,3037,fine_concrete
3038,3038,wood
3039,3039,wood
3040,3040,soft_pvc
3041,3041,concrete
3042,3042,concrete
3043,3043,concrete
3044,3044,concrete
3045,3045,carpet
3046,3046,soft_pvc
3047,3047,wood
3048,3048,soft_tiles
3049,3049,soft_pvc
3050,3050,wood
3051,3051,wood
3052,3052,concrete
3053,3053,concrete
3054,3054,hard_tiles_large_space
3055,3055,tiled
3056,3056,wood
3057,3057,hard_tiles_large_space
3058,3058,concrete
3059,3059,soft_pvc
3060,3060,hard_tiles_large_space
3061,3061,carpet
3062,3062,soft_tiles
3063,3063,tiled
3064,3064,wood
3065,3065,fine_concrete
3066,3066,concrete
3067,3067,concrete
3068,3068,concrete
3069,3069,wood
3070,3070,fine_concrete
3071,3071,concrete
3072,3072,concrete
3073,3073,wood
3074,3074,soft_pvc
3075,3075,concrete
3076,3076,fine_concrete
3077,3077,concrete
3078,3078,concrete
3079,3079,concrete
3080,3080,soft_pvc
3081,3081,concrete
3082,3082,concrete
3083,3083,fine_concrete
3084,3084,soft_tiles
3085,3085,soft_tiles
3086,3086,wood
3087,3087,carpet
3088,3088,soft_pvc
3089,3089,hard_tiles_large_space
3090,3090,soft_pvc
3091,3091,fine_concrete
3092,3092,wood
3093,3093,wood
3094,3094,concrete
3095,3095,wood
3096,3096,fine_concrete
3097,3097,concrete
3098,3098,concrete
3099,3099,soft_pvc
3100,3100,wood
3101,3101,hard_tiles_large_space
3102,3102,soft_tiles
3103,3103,carpet
3104,3104,wood
3105,3105,carpet
3106,3106,wood
3107,3107,carpet
3108,3108,wood
3109,3109,soft_tiles
3110,3110,soft_pvc
3111,3111,concrete
3112,3112,concrete
3113,3113,soft_pvc
3114,3114,fine_concrete
3115,3115,concrete
3116,3116,wood
3117,3117,hard_tiles_large_space
3118,3118,concrete
3119,3119,hard_tiles_large_space
3120,3120,hard_tiles_large_space
3121,3121,concrete
3122,3122,soft_tiles
3123,3123,wood
3124,3124,hard_tiles_large_space
3125,3125,concrete
3126,3126,wood
3127,3127,wood
3128,3128,wood
3129,3129,concrete
3130,3130,hard_tiles_large_space
3131,3131,concrete
3132,3132,wood
3133,3133,soft_pvc
3134,3134,tiled
3135,3135,concrete
3136,3136,concrete
3137,3137,concrete
3138,3138,wood
3139,3139,soft_pvc
3140,3140,wood
3141,3141,wood
3142,3142,soft_tiles
3143,3143,fine_concrete
3144,3144,carpet
3145,3145,soft_pvc
3146,3146,concrete
3147,3147,carpet
3148,3148,fine_concrete
3149,3149,soft_pvc
3150,3150,wood
3151,3151,soft_pvc
3152,3152,concrete
3153,3153,fine_concrete
3154,3154,carpet
3155,3155,soft_pvc
3156,3156,hard_tiles_large_space
3157,3157,fine_concrete
3158,3158,concrete
3159,3159,soft_pvc
3160,3160,concrete
3161,3161,fine_concrete
3162,3162,concrete
3163,3163,fine_concrete
3164,3164,hard_tiles
3165,3165,concrete
3166,3166,soft_tiles
3167,3167,concrete
3168,3168,tiled
3169,3169,soft_pvc
3170,3170,hard_tiles_large_space
3171,3171,concrete
3172,3172,wood
3173,3173,concrete
3174,3174,fine_concrete
3175,3175,soft_pvc
3176,3176,soft_pvc
3177,3177,concrete
3178,3178,concrete
3179,3179,tiled
3180,3180,soft_pvc
3181,3181,concrete
3182,3182,soft_pvc
3183,3183,concrete
3184,3184,concrete
3185,3185,concrete
3186,3186,soft_tiles
3187,3187,hard_tiles_large_space
3188,3188,concrete
3189,3189,concrete
3190,3190,carpet
3191,3191,concrete
3192,3192,wood
3193,3193,fine_concrete
3194,3194,wood
3195,3195,concrete
3196,3196,soft_pvc
3197,3197,soft_pvc
3198,3198,concrete
3199,3199,concrete
3200,3200,fine_concrete
3201,3201,concrete
3202,3202,concrete
3203,3203,concrete
3204,3204,concrete
3205,3205,hard_tiles_large_space
3206,3206,concrete
3207,3207,concrete
3208,3208,wood
3209,3209,concrete
3210,3210,soft_pvc
3211,3211,soft_pvc
3212,3212,tiled
3213,3213,soft_pvc
3214,3214,hard_tiles_large_space
3215,3215,soft_pvc
3216,3216,carpet
3217,3217,wood
3218,3218,soft_pvc
3219,3219,tiled
3220,3220,fine_concrete
3221,3221,carpet
3222,3222,soft_tiles
3223,3223,hard_tiles_large_space
3224,3224,tiled
3225,3225,soft_tiles
3226,3226,concrete
3227,3227,soft_tiles
3228,3228,soft_pvc
3229,3229,concrete
3230,3230,concrete
3231,3231,soft_tiles
3232,3232,concrete
3233,3233,concrete
3234,3234,concrete
3235,3235,soft_tiles
3236,3236,fine_concrete
3237,3237,hard_tiles_large_space
3238,3238,wood
3239,3239,hard_tiles_large_space
3240,3240,soft_pvc
3241,3241,concrete
3242,3242,soft_pvc
3243,3243,hard_tiles_large_space
3244,3244,concrete
3245,3245,concrete
3246,3246,hard_tiles_large_space
3247,3247,concrete
3248,3248,concrete
3249,3249,concrete
3250,3250,concrete
3251,3251,soft_pvc
3252,3252,wood
3253,3253,concrete
3254,3254,wood
3255,3255,soft_pvc
3256,3256,wood
3257,3257,wood
3258,3258,soft_pvc
3259,3259,wood
3260,3260,wood
3261,3261,concrete
3262,3262,concrete
3263,3263,concrete
3264,3264,hard_tiles_large_space
3265,3265,wood
3266,3266,tiled
3267,3267,concrete
3268,3268,wood
3269,3269,fine_concrete
3270,3270,tiled
3271,3271,soft_pvc
3272,3272,hard_tiles_large_space
3273,3273,fine_concrete
3274,3274,concrete
3275,3275,soft_pvc
3276,3276,concrete
3277,3277,soft_pvc
3278,3278,wood
3279,3279,concrete
3280,3280,concrete
3281,3281,hard_tiles_large_space
3282,3282,carpet
3283,3283,concrete
3284,3284,concrete
3285,3285,wood
3286,3286,fine_concrete
3287,3287,concrete
3288,3288,fine_concrete
3289,3289,soft_tiles
3290,3290,concrete
3291,3291,soft_pvc
3292,3292,concrete
3293,3293,hard_tiles_large_space
3294,3294,concrete
3295,3295,concrete
3296,3296,hard_tiles_large_space
3297,3297,fine_concrete
3298,3298,concrete
3299,3299,wood
3300,3300,wood
3301,3301,tiled
3302,3302,soft_pvc
3303,3303,concrete
3304,3304,tiled
3305,3305,fine_concrete
3306,3306,concrete
3307,3307,soft_pvc
3308,3308,wood
3309,3309,tiled
3310,3310,fine_concrete
3311,3311,soft_pvc
3312,3312,concrete
3313,3313,wood
3314,3314,wood
3315,3315,fine_concrete
3316,3316,carpet
3317,3317,hard_tiles_large_space
3318,3318,concrete
3319,3319,concrete
3320,3320,concrete
3321,3321,concrete
3322,3322,wood
3323,3323,concrete
3324,3324,soft_pvc
3325,3325,concrete
3326,3326,soft_pvc
3327,3327,soft_pvc
3328,3328,soft_tiles
3329,3329,carpet
3330,3330,soft_pvc
3331,3331,concrete
3332,3332,concrete
3333,3333,soft_pvc
3334,3334,hard_tiles_large_space
3335,3335,wood
3336,3336,hard_tiles_large_space
3337,3337,soft_pvc
3338,3338,wood
3339,3339,soft_pvc
3340,3340,soft_pvc
3341,3341,concrete
3342,3342,hard_tiles_large_space
3343,3343,fine_concrete
3344,3344,wood
3345,3345,tiled
3346,3346,soft_pvc
3347,3347,fine_concrete
3348,3348,concrete
3349,3349,concrete
3350,3350,tiled
3351,3351,soft_pvc
3352,3352,tiled
3353,3353,concrete
3354,3354,soft_pvc
3355,3355,soft_pvc
3356,3356,soft_pvc
3357,3357,concrete
3358,3358,hard_tiles_large_space
3359,3359,concrete
3360,3360,concrete
3361,3361,carpet
3362,3362,concrete
3363,3363,soft_tiles
3364,3364,carpet
3365,3365,tiled
3366,3366,hard_tiles_large_space
3367,3367,concrete
3368,3368,soft_tiles
3369,3369,soft_pvc
3370,3370,concrete
3371,3371,concrete
3372,3372,wood
3373,3373,tiled
3374,3374,fine_concrete
3375,3375,hard_tiles_large_space
3376,3376,soft_pvc
3377,3377,tiled
3378,3378,fine_concrete
3379,3379,wood
3380,3380,soft_pvc
3381,3381,concrete
3382,3382,tiled
3383,3383,soft_pvc
3384,3384,fine_concrete
3385,3385,concrete
3386,3386,concrete
3387,3387,carpet
3388,3388,wood
3389,3389,concrete
3390,3390,tiled
3391,3391,concrete
3392,3392,carpet
3393,3393,hard_tiles_large_space
3394,3394,tiled
3395,3395,tiled
3396,3396,soft_pvc
3397,3397,wood
3398,3398,hard_tiles_large_space
3399,3399,wood
3400,3400,soft_tiles
3401,3401,wood
3402,3402,soft_tiles
3403,3403,wood
3404,3404,hard_tiles_large_space
3405,3405,fine_concrete
3406,3406,soft_pvc
3407,3407,hard_tiles
3408,3408,tiled
3409,3409,fine_concrete
3410,3410,tiled
3411,3411,soft_pvc
3412,3412,concrete
3413,3413,fine_concrete
3414,3414,concrete
3415,3415,concrete
3416,3416,soft_tiles
3417,3417,concrete
3418,3418,concrete
3419,3419,concrete
3420,3420,wood
3421,3421,tiled
3422,3422,concrete
3423,3423,wood
3424,3424,wood
3425,3425,concrete
3426,3426,concrete
3427,3427,fine_concrete
3428,3428,fine_concrete
3429,3429,concrete
3430,3430,concrete
3431,3431,concrete
3432,3432,concrete
3433,3433,tiled
3434,3434,hard_tiles_large_space
3435,3435,soft_tiles
3436,3436,carpet
3437,3437,wood
3438,3438,wood
3439,3439,soft_tiles
3440,3440,soft_tiles
3441,3441,wood
3442,3442,concrete
3443,3443,concrete
3444,3444,tiled
3445,3445,soft_pvc
3446,3446,wood
3447,3447,hard_tiles_large_space
3448,3448,soft_pvc
3449,3449,wood
3450,3450,soft_pvc
3451,3451,concrete
3452,3452,soft_pvc
3453,3453,wood
3454,3454,soft_tiles
3455,3455,carpet
3456,3456,fine_concrete
3457,3457,fine_concrete
3458,3458,carpet
3459,3459,concrete
3460,3460,tiled
3461,3461,carpet
3462,3462,soft_pvc
3463,3463,hard_tiles_large_space
3464,3464,concrete
3465,3465,wood
3466,3466,wood
3467,3467,soft_pvc
3468,3468,soft_tiles
3469,3469,concrete
3470,3470,wood
3471,3471,fine_concrete
3472,3472,fine_concrete
3473,3473,concrete
3474,3474,concrete
3475,3475,fine_concrete
3476,3476,wood
3477,3477,wood
3478,3478,soft_pvc
3479,3479,soft_pvc
3480,3480,soft_tiles
3481,3481,concrete
3482,3482,soft_pvc
3483,3483,soft_pvc
3484,3484,wood
3485,3485,hard_tiles_large_space
3486,3486,hard_tiles_large_space
3487,3487,soft_pvc
3488,3488,tiled
3489,3489,hard_tiles
3490,3490,concrete
3491,3491,wood
3492,3492,tiled
3493,3493,soft_tiles
3494,3494,wood
3495,3495,tiled
3496,3496,soft_pvc
3497,3497,soft_pvc
3498,3498,concrete
3499,3499,hard_tiles_large_space
3500,3500,hard_tiles_large_space
3501,3501,wood
3502,3502,soft_pvc
3503,3503,hard_tiles_large_space
3504,3504,carpet
3505,3505,concrete
3506,3506,soft_pvc
3507,3507,soft_tiles
3508,3508,concrete
3509,3509,soft_pvc
3510,3510,fine_concrete
3511,3511,concrete
3512,3512,hard_tiles_large_space
3513,3513,concrete
3514,3514,hard_tiles_large_space
3515,3515,wood
3516,3516,wood
3517,3517,concrete
3518,3518,wood
3519,3519,soft_pvc
3520,3520,soft_pvc
3521,3521,wood
3522,3522,tiled
3523,3523,soft_tiles
3524,3524,carpet
3525,3525,fine_concrete
3526,3526,soft_pvc
3527,3527,tiled
3528,3528,fine_concrete
3529,3529,soft_pvc
3530,3530,concrete
3531,3531,wood
3532,3532,wood
3533,3533,soft_pvc
3534,3534,wood
3535,3535,soft_pvc
3536,3536,carpet
3537,3537,fine_concrete
3538,3538,concrete
3539,3539,concrete
3540,3540,fine_concrete
3541,3541,concrete
3542,3542,carpet
3543,3543,wood
3544,3544,hard_tiles_large_space
3545,3545,wood
3546,3546,fine_concrete
3547,3547,soft_pvc
3548,3548,concrete
3549,3549,soft_tiles
3550,3550,concrete
3551,3551,fine_concrete
3552,3552,soft_tiles
3553,3553,wood
3554,3554,wood
3555,3555,carpet
3556,3556,wood
3557,3557,concrete
3558,3558,soft_tiles
3559,3559,concrete
3560,3560,hard_tiles_large_space
3561,3561,concrete
3562,3562,soft_pvc
3563,3563,carpet
3564,3564,soft_pvc
3565,3565,soft_pvc
3566,3566,soft_pvc
3567,3567,soft_pvc
3568,3568,concrete
3569,3569,concrete
3570,3570,concrete
3571,3571,soft_tiles
3572,3572,soft_tiles
3573,3573,carpet
3574,3574,concrete
3575,3575,concrete
3576,3576,concrete
3577,3577,carpet
3578,3578,soft_tiles
3579,3579,tiled
3580,3580,wood
3581,3581,concrete
3582,3582,fine_concrete
3583,3583,soft_pvc
3584,3584,wood
3585,3585,carpet
3586,3586,fine_concrete
3587,3587,soft_tiles
3588,3588,soft_pvc
3589,3589,wood
3590,3590,concrete
3591,3591,hard_tiles_large_space
3592,3592,concrete
3593,3593,soft_pvc
3594,3594,concrete
3595,3595,concrete
3596,3596,fine_concrete
3597,3597,carpet
3598,3598,wood
3599,3599,concrete
3600,3600,concrete
3601,3601,tiled
3602,3602,soft_pvc
3603,3603,soft_tiles
3604,3604,concrete
3605,3605,concrete
3606,3606,concrete
3607,3607,concrete
3608,3608,soft_tiles
3609,3609,hard_tiles_large_space
3610,3610,wood
3611,3611,carpet
3612,3612,wood
3613,3613,wood
3614,3614,concrete
3615,3615,tiled
3616,3616,soft_pvc
3617,3617,concrete
3618,3618,carpet
3619,3619,tiled
3620,3620,hard_tiles_large_space
3621,3621,hard_tiles_large_space
3622,3622,wood
3623,3623,fine_concrete
3624,3624,concrete
3625,3625,concrete
3626,3626,soft_tiles
3627,3627,soft_pvc
3628,3628,fine_concrete
3629,3629,wood
3630,3630,soft_pvc
3631,3631,wood
3632,3632,fine_concrete
3633,3633,tiled
3634,3634,tiled
3635,3635,soft_pvc
3636,3636,soft_tiles
3637,3637,fine_concrete
3638,3638,tiled
3639,3639,fine_concrete
3640,3640,concrete
3641,3641,concrete
3642,3642,carpet
3643,3643,concrete
3644,3644,tiled
3645,3645,soft_pvc
3646,3646,wood
3647,3647,concrete
3648,3648,wood
3649,3649,soft_pvc
3650,3650,soft_pvc
3651,3651,wood
3652,3652,fine_concrete
3653,3653,wood
3654,3654,concrete
3655,3655,concrete
3656,3656,concrete
3657,3657,concrete
3658,3658,tiled
3659,3659,concrete
3660,3660,concrete
3661,3661,soft_tiles
3662,3662,soft_pvc
3663,3663,fine_concrete
3664,3664,concrete
3665,3665,carpet
3666,3666,hard_tiles_large_space
3667,3667,wood
3668,3668,hard_tiles_large_space
3669,3669,concrete
3670,3670,fine_concrete
3671,3671,concrete
3672,3672,wood
3673,3673,soft_pvc
3674,3674,concrete
3675,3675,hard_tiles_large_space
3676,3676,wood
3677,3677,fine_concrete
3678,3678,concrete
3679,3679,tiled
3680,3680,concrete
3681,3681,concrete
3682,3682,concrete
3683,3683,concrete
3684,3684,wood
3685,3685,hard_tiles_large_space
3686,3686,concrete
3687,3687,concrete
3688,3688,concrete
3689,3689,carpet
3690,3690,tiled
3691,3691,concrete
3692,3692,tiled
3693,3693,wood
3694,3694,soft_pvc
3695,3695,soft_pvc
3696,3696,wood
3697,3697,concrete
3698,3698,wood
3699,3699,soft_tiles
3700,3700,soft_pvc
3701,3701,concrete
3702,3702,carpet
3703,3703,tiled
3704,3704,soft_tiles
3705,3705,tiled
3706,3706,wood
3707,3707,carpet
3708,3708,tiled
3709,3709,hard_tiles_large_space
3710,3710,concrete
3711,3711,soft_pvc
3712,3712,soft_pvc
3713,3713,soft_pvc
3714,3714,concrete
3715,3715,soft_pvc
3716,3716,concrete
3717,3717,concrete
3718,3718,concrete
3719,3719,concrete
3720,3720,tiled
3721,3721,soft_tiles
3722,3722,soft_pvc
3723,3723,concrete
3724,3724,concrete
3725,3725,soft_pvc
3726,3726,tiled
3727,3727,hard_tiles_large_space
3728,3728,fine_concrete
3729,3729,soft_tiles
3730,3730,soft_pvc
3731,3731,concrete
3732,3732,tiled
3733,3733,hard_tiles
3734,3734,concrete
3735,3735,concrete
3736,3736,fine_concrete
3737,3737,carpet
3738,3738,carpet
3739,3739,soft_tiles
3740,3740,soft_pvc
3741,3741,concrete
3742,3742,tiled
3743,3743,carpet
3744,3744,concrete
3745,3745,carpet
3746,3746,wood
3747,3747,concrete
3748,3748,concrete
3749,3749,wood
3750,3750,fine_concrete
3751,3751,wood
3752,3752,wood
3753,3753,soft_pvc
3754,3754,wood
3755,3755,soft_tiles
3756,3756,wood
3757,3757,soft_pvc
3758,3758,carpet
3759,3759,hard_tiles_large_space
3760,3760,concrete
3761,3761,carpet
3762,3762,concrete
3763,3763,fine_concrete
3764,3764,concrete
3765,3765,concrete
3766,3766,concrete
3767,3767,concrete
3768,3768,soft_pvc
3769,3769,soft_pvc
3770,3770,tiled
3771,3771,concrete
3772,3772,concrete
3773,3773,concrete
3774,3774,concrete
3775,3775,tiled
3776,3776,concrete
3777,3777,concrete
3778,3778,concrete
3779,3779,soft_pvc
3780,3780,soft_pvc
3781,3781,soft_pvc
3782,3782,fine_concrete
3783,3783,soft_pvc
3784,3784,soft_tiles
3785,3785,hard_tiles_large_space
3786,3786,concrete
3787,3787,carpet
3788,3788,hard_tiles_large_space
3789,3789,carpet
3790,3790,concrete
3791,3791,hard_tiles_large_space
3792,3792,soft_pvc
3793,3793,wood
3794,3794,concrete
3795,3795,fine_concrete
3796,3796,soft_tiles
3797,3797,concrete
3798,3798,wood
3799,3799,concrete
3800,3800,hard_tiles_large_space
3801,3801,carpet
3802,3802,fine_concrete
3803,3803,concrete
3804,3804,concrete
3805,3805,soft_pvc
3806,3806,concrete
3807,3807,soft_pvc
3808,3808,tiled
3809,3809,fine_concrete
3810,3810,wood
3811,3811,soft_pvc
3812,3812,soft_tiles
3813,3813,hard_tiles_large_space
3814,3814,concrete
3815,3815,wood
